0.0,1.0,-1.3468450162501415,0.6071931958533014,0.04568136726194583,-1.8188359911081142,-0.42854290941319195,0.05519422181885134,0.39767729961406384,0.5247968327716943,-0.012560297668422541,-1.2674982602212008
0.0,1.0,-1.355513999615152,0.6487726134173617,0.02548456600567155,-1.7635206884021675,-0.3872182559579535,0.03996540697164859,0.425680644638996,0.511023733412246,-0.001796164879404308,-1.3541515912293602
0.0,1.0,-1.2105171692610228,0.47469668791916053,-0.04984011357274996,-1.6167541710323876,-0.10584745756857314,0.13470170533331746,0.3516703962894289,0.5744781072173727,0.060061970948301645,-1.220542401720993
0.0,1.0,-0.12581021434956524,0.19413611748487022,-0.21891089733453445,-0.44209160547816057,0.3400323698083004,0.14660084494512426,0.14764131263199784,0.47551922338932057,-0.09264438053919895,0.05883635906691892
0.0,1.0,-0.004573267988203955,0.1605872897597774,-0.10810950996756293,-0.5519713536492841,0.34823933964634335,0.10598209297726448,0.19613999026093332,0.5548334228850998,-0.1916729586043489,0.16144469363483377
0.0,1.0,0.1584514745406662,0.14247978620884322,-0.06684410669750816,-0.7651583424828774,0.31311098235792284,0.11697185592707592,0.20492837574506514,0.5155340762745293,-0.24700546286031666,0.3410033372629028
0.0,1.0,0.1837647147660516,0.16270834971911172,-0.050302417764978805,-0.803804962447431,0.2937492954180834,0.1080706660863451,0.18125674722569302,0.4554077692575863,-0.24921197845041917,0.37849048153672493
0.0,1.0,0.17237963274579612,0.16084187293316177,-0.029898277163255965,-0.7767268408776624,0.14208900778842617,0.014749706237745852,0.17184685865007923,0.4732049556221181,-0.23228203378124213,0.34989572446707773
0.0,1.0,0.16418498693024772,0.1697961098061512,-0.038177158541119346,-0.7594137483624451,0.1257422732120596,0.03882928230344768,0.17593391346177228,0.4786809708580063,-0.2204868095807472,0.34273779330846765
0.0,1.0,0.17031262198869423,0.14108541465371532,0.013462078510599029,-0.7540539646925406,0.07418469845649017,0.10796811521950597,0.20661358542221553,0.419601977235074,-0.26028176322130103,0.34245411173340906
0.0,1.0,0.21813689113612061,0.1708771583841021,0.07345081813809055,-0.6826195163342365,-0.12639247602927453,0.023132787220207802,0.17362184790771337,0.3152956157374468,-0.30420205504712067,0.3445158525578875
0.0,1.0,0.30204687761176274,-0.0754819254435736,0.11300553932489915,-0.5146893841394596,-0.6634960491659936,0.004211796744768506,-0.03204313954011512,0.27917549312188006,-0.23130633206415735,0.2747247396938315
0.0,1.0,0.20807218229800478,-0.06335690234192753,0.011078596494804641,-0.3955897769464047,-0.7382247451342061,0.05041863039920999,-0.09582448836865755,-0.13656553520934606,-0.1325443571662764,0.16000041141308424
0.0,1.0,0.030234748503105514,-0.02081420631937355,-0.05275724185971411,-0.10972502307905782,-0.7463780982724094,0.08496452579674585,-0.15965808081209457,-0.24110690524272288,-0.07785521535297005,-0.12377866411528765
0.0,1.0,-0.045666906321618635,-0.06010032371702744,-0.08194539950293978,0.011530281283842638,-0.3415625170077705,-0.08875302381924645,-0.039495243377324456,0.019070936122621226,-0.13625429471425765,-0.2142765516893108
0.0,1.0,-0.02585183186926447,-0.019720492834100142,-0.09561857866513292,-0.0014822602010448815,-0.32713807836090614,-0.09510079511810006,-0.0631328738806763,-0.11211306668452904,-0.1790261718958096,-0.2123852207925182
0.0,1.0,-0.02762063368876,-0.008815081797182878,-0.09961389826870422,-0.0030359099178344628,-0.3208624086391,-0.11580779937770895,-0.0792004347844104,-0.10607444557155472,-0.17880129220210086,-0.2204507680913399
0.0,1.0,-0.026040688583114507,0.015895943104497524,-0.15365680569020201,-0.009947850304584683,-0.20069818191266414,-0.13554387391370348,-0.08092448760830132,-0.08841298944632728,-0.12306101529737108,-0.21104351371378832
0.0,1.0,-0.07185420754272268,0.051428545235796375,-0.22158281177490585,-0.0614759945934344,-0.11178464946233425,-0.1906736639827665,-0.03528394214957512,-0.04512518907855419,-0.13133586564152147,-0.22244503816898598
0.0,1.0,-1.2568775719260126,0.6350425904078388,-0.2577552762739278,-1.420021460575211,-0.35585914870418034,-0.2396531288319639,0.49740282841797945,-0.25258570652641765,-0.005987631854591094,-1.41913421795027
0.0,1.0,-1.3421341461615426,0.6381130223135014,-0.23034938501226954,-1.432319821913117,-0.34922840777617903,-0.2442606260655186,0.5439176365187287,-0.24301806032981146,-0.007021405414136329,-1.4606906917511375
0.0,1.0,-1.3754738785134892,0.610813698074019,-0.2598767801617664,-1.3690910747429814,-0.34433634940854135,-0.2140442750439446,0.5551280234150933,-0.21376482326102852,0.04718576853774404,-1.458600080027103
0.0,1.0,-1.488281978652667,0.8198583239645463,-0.2317315006731903,-1.4686863676982238,-0.7740366780334571,-0.06295727110601912,0.5957495629028519,-0.6567449955920981,0.19982376093154974,-1.5857511701923346
0.0,1.0,-1.5747178298124422,0.7955314813506738,-0.24929537632426155,-1.5117840339179471,-0.7763537211802427,-0.04139201084205959,0.5938473797649212,-0.6601088183416741,0.19926319530996292,-1.6199294263693385
0.0,1.0,-1.565055211701332,0.6955815917324238,-0.22209973537403166,-1.501290495678683,-0.7223201632440298,-0.042745849929118056,0.5684936877906005,-0.6405458297379653,0.14230195028542927,-1.5590979860663343
0.0,1.0,-1.5940829118513902,0.7377269722392124,-0.18241924923583813,-1.4673199634235956,-0.8987607207570604,-0.0144917975139774,0.637657711981379,-0.17193892089501434,-0.04200183728507517,-1.61092931849659
0.0,1.0,-1.6663159438740138,0.6604866801183374,-0.07348861252378097,-1.6088676770388244,-1.135281236069861,0.08433115977587805,0.5766367456410788,-0.1936580431934785,0.018878828264927323,-1.604173521324807
0.0,1.0,-1.7111631879477032,0.5706568775691108,0.02116191577620225,-1.5659779907746583,-0.9557988401004867,0.09888139343021765,0.49305016993974987,-0.20639219818034094,-0.03331314617937865,-1.6720670219326312
0.0,1.0,-1.4950164871418086,0.4390722491107476,-0.017793937157075744,-1.6453222270112846,-0.25384706598311346,0.09834041328085638,0.47720973719299087,-0.15345125702813067,-0.025704765831319035,-1.6643477228836139
0.0,1.0,-1.5160742025801335,0.43642580246313906,0.0060999277629847195,-1.6109040968223232,-0.22180877057020523,0.11747882325482956,0.45717186995987213,-0.1721708847053532,-0.06275450512050894,-1.7584998222266284
0.0,1.0,-1.471926995978134,0.4288681010294026,-0.0003459924438869467,-1.640696858326232,0.04514865523128783,0.05803240667726737,0.5208188494709237,-0.10418785912388526,-0.038229604903022345,-1.6685145960858556
0.0,1.0,-1.4735962099579027,0.44063209809246084,-0.0323466567521752,-1.6166192362369094,0.041101894155717925,0.059778145761908284,0.532953769385135,-0.08012219314176233,-0.053216347125422024,-1.6702742453892137
0.0,1.0,-1.3829174949851448,0.4688563525260335,-0.03223835588210489,-1.5398921001096606,0.04752695187465206,0.011530924742075893,0.5053628917255045,-0.06491201381580948,0.01698470582928872,-1.634974429335767
0.0,1.0,-0.2381031750758056,-0.02934679332773054,-0.010277822101125418,-0.05669626742412525,0.17845231294038433,0.016059363002598272,0.014772949987215485,-0.34137144906985134,0.06758584350237472,-0.45145851242993434
0.0,1.0,-0.1764838304633683,-0.08134196859642824,-0.05181365926386625,0.07330283637112418,0.2042714078675711,0.041108046297653425,-0.013114461871047667,-0.4096271953696135,0.00016990570525040298,-0.40358297155333456
0.0,1.0,-0.1517202736580804,-0.07555760076806695,-0.05492852666607379,0.05227936353993388,0.15745518728551347,0.06375307385786329,-0.020856868103085003,-0.3836296583877947,0.03577033807067686,-0.39601134291441376
0.0,1.0,-0.1677487202895943,-0.10382462649104451,-0.08230353138012203,0.16574596330672609,-0.2736911322680515,0.06011025823081176,-0.18088667665058034,-0.43972249307830613,0.01503324479785339,-0.4327025585896771
0.0,1.0,0.0679324087508313,-0.1515964304326488,-0.12937759210835587,0.3570869530783238,-0.2778801804848247,0.02693554244723712,-0.27137143810003106,-0.4042160210930998,-0.0015552714771817024,-0.15574491591737638
0.0,1.0,0.035920102196917894,-0.1742100157067591,-0.10695802332244164,0.3918354809035375,-0.712547848449072,0.1362088157618025,-0.4206839527674669,-0.4511378625049779,0.004816826047715022,-0.19405562311058916
0.0,1.0,0.04384623646567186,-0.17782786715038862,-0.10780673555309671,0.38433062829136216,-0.696172807677493,0.08230066728371101,-0.4175741471810084,-0.40517800249001856,0.0036382139470140565,-0.19186807540840062
0.0,1.0,0.07984133987225796,-0.142980294008673,-0.11118953882084423,0.3926901340406895,-0.6809416971540831,0.08360795717931588,-0.43458268229636127,-0.33791324739903683,-0.009956476398868423,-0.19569081875512773
0.0,1.0,-0.003643961994102468,0.016675173788054422,-0.09131510052844073,0.28751474638820407,-0.6769733926138565,0.13093254308357993,-0.26726542500698225,-0.3294595210009085,0.013922611913296273,-0.12546545933780512
0.0,1.0,-0.0922230174152663,0.0752597495023368,-0.04647254601832577,0.2662068936725217,-0.6856490520958777,0.12394551387943963,-0.19267029708732544,-0.2775969336773258,0.0437525177343332,-0.17173015909919487
0.0,1.0,-0.05132850960417061,0.119466238262837,-0.07031089055942497,0.2418871711593804,-0.6589580928486336,0.09067589070996693,-0.19399074023658067,-0.300559711092782,0.09667521881464929,-0.133415017934441
0.0,1.0,0.18876845193879338,0.12082006118146156,-0.0668455789894184,0.6088912423190229,-0.626744711177848,0.09893832537570188,-0.14190262960000136,-0.2720825847455947,0.026484648831240954,0.19042542719064193
0.0,1.0,0.069013411897718,0.1867502020202745,-0.06680812797891375,0.44470266280040077,-0.7122879322940938,0.08611647642626766,-0.0009682017434904843,-0.24821707788897432,0.031076261048362325,0.07606252315251961
0.0,1.0,0.09085055679852679,0.20684831314301255,-0.08038293927673332,0.42554320643745225,-0.7190357741136846,0.03214743814668602,-0.03734022996892027,-0.2907705673750838,0.03441420014854568,0.06485902428410042
0.0,1.0,0.11844494050088095,0.17590354297764207,-0.03376548388585236,0.4402100541608258,-0.7579470893320107,0.056448626097849286,-0.07965652126786432,-0.361186803330295,-0.013861024538627267,0.10030441572914386
0.0,1.0,0.28297679150526794,-0.01613994350044638,-0.051715070973633745,0.6647502361869322,-0.7147640075713302,0.19209558086349895,-0.11690982856701222,-0.40405958135634296,-0.10083448592845476,0.3168559444967659
0.0,1.0,0.18472987021122578,0.03517183145666908,-0.13585864935192576,0.483880312206653,-0.7659990139152795,0.1307916148430273,-0.08185604123229674,-0.3274678944749797,-0.12080666578104844,0.1840357064163274
0.0,1.0,0.22196665771097052,0.05125453860521729,-0.1390753574984645,0.4426184071457238,-0.7129276752201698,-0.0008671723423091188,-0.09686563477525506,-0.30117539757568274,-0.14300989537442724,0.20658197272855522
0.0,1.0,0.182139671155892,0.019551247553749995,-0.14625454253580142,0.4673919528770709,-0.6524906685741028,-0.07715975177852184,-0.0764905329670922,-0.3086045606126958,-0.167390787809767,0.19353307610616635
0.0,1.0,0.2031777989065575,-0.08966316671767291,-0.19362566576187343,0.3588474097106425,-0.5899974420715434,-0.1241689862649578,-0.11581796062570601,-0.2779441327585914,-0.2354227433908965,0.1070331087847373
0.0,1.0,0.16908431898404344,-0.08496304647410739,-0.09945997604887495,0.3868147685699102,-0.5566159909627393,-0.09938161256370172,-0.12751295082658112,0.25053180217866533,-0.24267898725632406,0.08369850047719592
0.0,1.0,0.19978169828207148,-0.07962580615768342,-0.0357396552162121,0.35843415672378703,-0.5525763569162886,-0.034596696304240865,-0.12949220573704456,0.8823390570683477,-0.27955124793549346,0.10587419729817346
0.0,1.0,0.35853799527383107,-0.07319339623119765,-0.10619482448427782,0.5422338676258204,-0.5193200917354789,-0.011870531040167833,-0.09645556315353167,0.9520523583168721,-0.31884982262456263,0.15580988759151027
0.0,1.0,0.2436740552591058,0.03992508540226845,-0.14224698689914142,0.37301812605267626,-0.6022446445213622,-0.02976861271776521,-0.050032088687619915,0.9465206436106587,-0.34322965247693277,0.001743930043497502
0.0,1.0,0.2424768611906952,0.0068454616289324935,-0.12630452658410612,0.36782796848148985,-0.6274339092856331,-0.004971240222353307,-0.028027427687876767,0.9499742704703116,-0.3408109405347476,0.011287353043276507
0.0,1.0,0.2510832990632568,0.013365253631240836,-0.12849181604173734,0.34863545974487503,-0.679430975244744,0.03200280012623572,-0.046928999887084,0.9403225269097506,-0.3353726526200589,0.016946655505483424
0.0,1.0,0.25952206706085734,0.026226807698368385,-0.12998060204981796,0.34393516680506336,-0.7245410213473016,0.05859500470654046,-0.053537042931597216,0.9478069159469193,-0.3532278646974346,0.0067883377577957205
0.0,1.0,-0.04486777788004811,0.1609804879788619,-0.15076067392791456,-0.10321371239314381,-0.8533190082778127,0.07573241282850883,0.025424745383315864,0.9354596425621697,-0.33388863458512247,-0.26900677851963245
0.0,1.0,-0.05048399654955258,0.21127865575040602,-0.21332733615418864,-0.13334182773153216,-0.8329703133785122,0.06701813534863386,0.0097902507637918,0.7402166813474511,-0.30019737569117366,-0.2600026643972134
0.0,1.0,-0.002227816735191554,0.16824764199315598,-0.3386833656475901,0.08874058704011994,-0.7236653943845373,-0.014376505767429031,-0.15335852856906523,-0.02217423813869617,-0.199969921529607,-0.1400351809904336
0.0,1.0,0.06302578222402128,0.1178383107004066,-0.2549439653497221,0.2607093753560259,-0.6891482974189346,0.029691122182838606,-0.17411856650491242,-0.10598829193183648,-0.13749515203818152,0.14303933558752818
0.0,1.0,-0.06467003248479149,0.12260838349089107,-0.18445922014929897,0.1345738908017943,-0.6749252480972909,0.026614357746635058,-0.13024889794868372,-0.10900744658838046,-0.06019986208724559,0.016025084374698115
0.0,1.0,-0.05305568226877902,0.16656220356895654,-0.16645269488900719,0.12904482000440784,-0.6534262099043988,0.019424929204169897,-0.1513634255168468,-0.09638196780998921,-0.05984499842268685,0.013075731839228458
0.0,1.0,-0.09325794667098566,0.15613416654756507,-0.18967682102471864,0.16991141178817176,-0.673161969995202,0.0039797877564213225,-0.14701587266364577,-0.08850123101015384,-0.04497991191489052,-0.0018841458463450048
0.0,1.0,-0.07078215763364676,0.14396856233607314,-0.18376517159611197,0.13828144476007773,-0.7283758648283978,0.003370436901616638,-0.17494163256186115,-0.1075153503043489,-0.035595033868390406,0.0017385074869261177
0.0,1.0,-0.10494539828700614,0.18013376926804703,-0.14604893729903556,0.19082995753467646,-0.6838626369956637,0.05300672010907512,-0.17129806278852946,-0.08426134237959931,-0.03176021969176176,-0.02374788157825055
0.0,1.0,-0.045302338579477366,0.039097647635695114,-0.08033230247305578,0.19625204870505647,-0.46577060950227767,0.046472261470401906,-0.17024660734294447,-0.19063581471868793,-0.07099328947824629,-0.01710338336601036
0.0,1.0,0.07879707714308332,-0.15928794377933175,-0.11729698926991285,0.3188160541265253,-0.4019879225111548,0.10621562842033452,-0.18083747395031036,-0.1976115362742562,-0.12200358508390392,-0.017526558031386544
0.0,1.0,-0.3444907361927796,-0.15559373058545675,-0.04794303445615382,-0.2994931958081948,-0.4851955477981401,0.05282978654169995,-0.18997223772895816,-0.352811812913686,0.0030573885423616737,-0.6180339833813813
0.0,1.0,-0.3033155945811886,-0.1427152256338496,-0.06023906422624133,-0.31360092522886723,-0.49147094453716356,0.029726089763455532,-0.16887122798573295,-0.31492149857944807,0.035606968960341295,-0.5368908680876237
0.0,1.0,0.028512362201645935,-0.3227239767358073,0.11551940613442857,0.18036351814227367,-0.43143131092507303,-0.037354970151204515,-0.2584263842455924,-0.21324795912193417,0.097050052321986,-0.023282225581629762
0.0,1.0,0.03177933144334359,-0.34105985183779464,0.14139456766605601,0.19539345889510315,-0.42938130769080624,0.006580822522213906,-0.24638180681442834,0.45993279169903994,-0.054515769831722925,-0.0014681138612564204
0.0,1.0,0.014750168279827067,-0.33130846804223946,0.14101071390193623,0.2126421534572542,-0.29115639736079885,0.011786909660789286,-0.18309598850889358,0.4558923728986319,-0.054704922738985744,0.010816385768742665
0.0,1.0,0.030249672700115363,-0.33566488694405333,0.11674844517865593,0.2071205476390246,-0.2619821349804509,-0.07412452620046663,-0.23159219005149934,0.48025581234732284,-0.027213955590153042,0.030352980762648266
0.0,1.0,0.09482537972136405,-0.35433949222057454,0.10904181125477679,0.36114637900507707,-0.3621139444438638,-0.07774934363338575,-0.359620892410886,0.4740082475997558,-0.019887398976718217,0.1484432734231486
0.0,1.0,-0.10036439586497715,-0.20899225159742824,0.16526160582874205,0.15517536578089902,-0.4766077297036212,-0.10032882719399719,-0.27333578140441966,0.4460634908277463,0.013430114617522372,0.0826102406172006
0.0,1.0,-0.13254651585793134,-0.18907330811412476,0.15368115651675526,0.20110481425895546,-0.45181229107815996,-0.10041416044253354,-0.29896975454185937,0.4677110830017338,0.023232151947360793,0.03575892869453633
1.0,0.0,0.09858400833169638,-0.15649478503831235,0.10769435857007796,0.5454308869276742,-0.39865838794920017,-0.10951439125708379,-0.1714846595164705,0.4618728237680027,-0.06463201947013628,0.3963165141821632
1.0,0.0,-0.11769124056486424,0.010511181649352216,0.009689063035036425,0.3346901543588318,-0.4394513582725538,-0.059179258495332905,-0.04479710504137105,0.4017379990574536,-0.14152503015528997,0.1721246703077224
1.0,0.0,-0.12089706646304381,0.027549542582951447,-0.04414182005166341,0.33831923873113473,-0.41640859933005536,-0.11424708660358444,-0.04181373742963647,-0.2780236297808498,-0.054367665418185364,0.15281876700779995
1.0,0.0,-0.08894029462681478,0.06058831869052796,0.04275087437197547,0.35822998920216786,-0.44878995066829624,-0.03831934956873764,-0.04907696864660507,1.629339916476793,-0.19318299000279304,0.1487379670785426
1.0,0.0,0.08373050066760718,-0.17637279232466505,-0.007335120973012891,0.6379896797007142,-0.3735270304218394,0.036618295595229444,-0.19129358719569228,1.6370078628732003,-0.24582055021017954,0.40079430217087597
1.0,0.0,0.027458531911067615,-0.019475569011649003,-0.030449717095387553,0.5008209627394987,0.24673558154876132,-0.01589759681511078,-0.02218000698310717,1.6469278786542976,-0.2612324007116009,0.33822402805476526
1.0,0.0,0.058209639409792825,-0.0034438925444749504,-0.035862669121176874,0.46288897605048,0.2522432283919509,-0.024294668387028245,-0.03274051331798584,1.6505398230666772,-0.2602163911444579,0.36971240515382875
1.0,0.0,0.11611977030925831,-0.10256210567651966,-0.027690303611917055,0.549650204425829,0.3424520512946182,-0.029730494184656304,-0.1512616883192456,1.6421124233124216,-0.255270757432973,0.45409583298003076
1.0,0.0,-0.08239701329700465,-0.14227841605454325,-0.02863696635711345,0.24415701759552655,0.335854024444759,-0.026559621319693465,-0.24694471967661846,1.633605203864336,-0.2659558129762139,0.09895424416797138
1.0,0.0,-0.1170374164131271,-0.14624404056986853,-0.031971357254090504,0.2180804918597921,0.32668931477776575,-0.02980016513367948,-0.2631108971490066,1.6313446602899824,-0.2575611220491382,0.08427824275800672
1.0,0.0,-0.08732586243041672,-0.14954633143956253,-0.03384390948357505,0.17533195150478273,0.3101136845857864,-0.038106690318548846,-0.2733725200812057,1.629105670717629,-0.2573816980978242,0.10077909616643266
1.0,0.0,0.018488685687455743,-0.2552427597440109,-0.2573839891224422,0.4749553373624706,0.32085262510319557,-0.06147527892025534,-0.36597439745804616,-0.3224934863935112,-0.2874844459493007,0.345677120342464
1.0,0.0,-0.1862672690628419,-0.12918590517494813,-0.11763894392213234,0.14746563598531043,0.24605245119329297,-0.14198106651237558,-0.2780403049702192,-0.44331349813793136,-0.18767112554547816,0.05107845549636486
1.0,0.0,-0.19867263852817935,-0.1902218179522603,-0.1457484616610877,0.1330956396153885,-0.43640787445514195,0.00021045852902402027,-0.47644009843242546,-0.4503966019822049,-0.15050429016097588,0.0018145926439364357
1.0,0.0,0.06679976084818258,-0.12207783841194433,-0.26147931864756097,0.6105130280016976,-0.36847938879870906,-0.07479157805629383,-0.433575091746677,-0.3550970290540961,-0.23869301416619892,0.22403868582199157
1.0,0.0,0.059072762489440336,0.021723502822622243,-0.27883408996055975,0.49181733049075177,-0.5499458116573616,-0.05921140506500293,-0.29931346292448263,-0.3413913882090981,-0.22901935063814421,0.18138834515078503
1.0,0.0,0.025331964133806617,0.04842010938863255,-0.28436122261472807,0.49780409647561075,-0.5667431271038256,-0.09910109229424849,-0.2799361209703033,-0.32463563640227217,-0.24119618760527992,0.17517070384133038
1.0,0.0,0.3934187580994707,0.003994340932807442,-0.3455513847116382,0.6202513482678105,-0.3856047593510727,-0.15979090006792282,-0.27418341341425373,-0.27285527530338627,-0.279793654734057,0.3297214088877343
1.0,0.0,0.4362407901199193,-0.0030070762049436315,-0.41614329750242124,0.7472619880998728,-0.370971733574315,-0.128586098253133,-0.2847295113127654,-0.3525601130777632,-0.28309559765742764,0.33541005257460865
1.0,0.0,0.3788429668425209,0.07351456174362662,-0.37074502998429765,0.5354372162380907,-0.49668013200298095,-0.21468857947795858,-0.10621716423265862,-0.2949547594667631,-0.25172743759568644,0.1118595236413879
1.0,0.0,0.3957905021045514,0.10947554999044753,-0.39739229576993723,0.5164432088361376,-0.4704355718495353,-0.2790715485415136,-0.127408178807781,-0.1562320922913342,-0.20320959717257137,0.11849970209290064
1.0,0.0,0.543128676124834,-0.04767089904022448,-0.37492777847967346,0.7042644822376702,-0.42616529206944564,-0.2512351967469487,-0.18738991936181812,-0.1759617024795373,-0.1809961035295239,0.32626128949282907
1.0,0.0,0.4041201614265092,-0.050260966968026975,-0.29086883454501844,0.4313177079554995,-0.47757155280340613,-0.18903664142478327,-0.1767448826797026,-0.17992188609271592,-0.09229549028439933,0.12080178796797399
1.0,0.0,0.37842555234095815,-0.08150944377415412,-0.30030634411197354,0.4458036187757989,-0.44401185447545194,-0.17325071402380748,-0.13377576221451534,-0.11327759980756866,-0.09791028052510001,0.09028516536706664
1.0,0.0,0.42347007418047067,-0.11699115925344938,-0.31171028215029045,0.4774508228513279,-0.3874120839723875,-0.16643604935145279,-0.1606423004618719,-0.11654609061892696,-0.0625892057487046,0.13785030319716537
1.0,0.0,0.26210703787169864,-0.24561074608625846,-0.2952511584301518,0.49936255463246326,-0.4301265331666571,-0.06503583564012555,-0.22729662406372872,-0.16197590475131152,-0.010926390388654707,0.253951421597231
1.0,0.0,0.15610535279408994,-0.25554596184106637,-0.192573822247753,0.349551515713816,-0.43892478047943495,-0.05292108512947756,-0.2247321568377168,-0.12241103824604407,-0.015880098452040303,0.2157332283561977
1.0,0.0,0.1576175242563551,-0.25990388521551017,-0.1786410690461607,0.3483857614130829,-0.4680861369252016,-0.06605724174732988,-0.23485390448763044,-0.12378572628497725,-0.03687793564486853,0.21927664821087461
1.0,0.0,0.27035492986744514,-0.4310575581021982,-0.13758967269250283,0.6153377197260569,-0.4592120704249405,0.05850940580137228,-0.27032882861149754,-0.26986262994416377,-0.12395324804147517,0.4182515959242013
1.0,0.0,0.10054426482827636,-0.35691889053916015,-0.12559706369331172,0.36661022872449395,-0.4865958091715312,0.03721860518822714,-0.2227506137735164,-0.2734522922041549,-0.1533923256362635,0.2527328970189903
1.0,0.0,0.11986604123347842,-0.29928974136003267,-0.16689380078848084,0.3474895720651131,-0.4128364069532406,0.03429555994918845,-0.21606423330619814,-0.25726229280036833,-0.12875166960042955,0.2609574708148775
1.0,0.0,0.3516660118678989,-0.26474645040511263,-0.251406452243148,0.5714082222378828,-0.38057243896289866,-0.0030002804849257447,-0.2478220135849465,-0.27158686749098815,-0.1896632733105662,0.43229737589335027
1.0,0.0,0.3929897399294258,-0.2382122350782387,-0.2848532941166126,0.696306423075722,-0.4468510958771313,0.03486679224166292,-0.23938452112240008,-0.27248422452868853,-0.25748491382658345,0.451640857735246
1.0,0.0,0.301892341195127,-0.09817778628734883,-0.257155562386038,0.4896916238142888,-0.5657662059482199,0.009048174338522706,-0.18289084627130753,-0.2371158913963801,-0.2879852547974929,0.2507084959010873
1.0,0.0,0.32849139013522116,-0.06279798700073905,-0.3038736403458784,0.4617228063542792,-0.4775717642632248,-0.05145913591965752,-0.2035004953909722,-0.19715801907332844,-0.24895507390429636,0.28026106948635215
1.0,0.0,0.4464150470287686,-0.15666920398430798,-0.222443963073667,0.6811048357691816,-0.40045776785537196,-0.1573667983202346,-0.3778330130886491,0.6519201434261608,-0.26441090225430114,0.6296421683535576
1.0,0.0,0.3258206605983136,-0.03613317534761982,-0.23702522225368058,0.5041772444991066,-0.47797259869704,-0.1593268789463865,-0.31963705321163904,0.6928895733622877,-0.25694897748351636,0.478369164094557
1.0,0.0,0.31149030501656144,-0.008503910996393213,-0.23239749084448574,0.5079617761828081,0.10590530122363553,-0.1778748640278793,-0.1819986157455761,0.6987970600862385,-0.2531246999803853,0.5015011408772678
1.0,0.0,0.33562040504175644,-0.04533003836449196,-0.23603857101633074,0.5087689292343192,0.17844384637972177,-0.2071386503936974,-0.13382620353300406,0.7116995665638896,-0.2635296521008144,0.5030546289459955
1.0,0.0,0.2910410624829097,-0.05439386376016761,-0.19506316501893203,0.5037249024803241,0.27486232972019264,-0.13985170761768165,-0.02377904179599038,0.7050151757410608,-0.214236694025883,0.5597028192068637
1.0,0.0,0.17232566021653548,-0.07747241987116646,-0.15326486229139086,0.31514717135367243,0.3368524685246987,-0.15205434502481482,0.02572920529388532,0.6970985684934117,-0.17800739318508216,0.5029163197395039
1.0,0.0,0.16733792061374705,-0.05589446883361392,-0.15852969714829304,0.31576225574979927,0.6159876507850662,-0.22255702371898925,0.07099170125437781,0.7125522369529905,-0.1786312871347866,0.5125862044232896
1.0,0.0,0.25068366004579545,-0.12314344298316306,-0.1379353046690094,0.5715969515559575,0.6142596181357389,-0.21529330426209867,0.025612702795134553,0.6751136412699855,-0.20499466021949886,0.6450202367857341
1.0,0.0,0.07005618444038242,-0.005670518908068234,-0.1691028868786426,0.28523900521909906,0.5507731078926233,-0.2038524583662101,0.20212086798542933,-0.19118279005592997,-0.14555811021903212,0.23517086042484278
1.0,0.0,0.04922925381227641,-0.01593117461395648,-0.11890705757976767,0.2760705792018406,0.5667505705332628,-0.23773704364700787,0.2250822166409948,-0.24599700296978758,-0.1378098408636183,0.2440455173910106
1.0,0.0,0.0414287342354286,-0.041637578769547504,-0.14751990510567004,0.2869536338287706,0.2746268936569083,-0.19372688526304702,0.1961156945128832,-0.20718873558664402,-0.09441032846222121,0.22586085486737079
1.0,0.0,0.015503902076097918,-0.04355970416003289,-0.10918730058930363,0.27311629079535615,0.1812550638388296,-0.11224511070379652,0.18262498532065427,-0.29244838951305596,-0.11030528307471038,0.23053261134919312
1.0,0.0,-0.368471109962794,0.029708049004498034,-0.048733342433146434,-0.09562663264420497,0.025483728347215823,-0.1914891750155967,0.14605688047463908,-0.3495060535348786,-0.12961993818351514,-0.1624549593527414
1.0,0.0,-0.21399457772489658,0.07481928825585939,-0.010560915649937243,-0.28664092380556666,1.2992884352571832,-0.10449301353575774,0.29512473637748676,-0.03663434743124735,-0.15755314580142024,-0.05781288033852969
1.0,0.0,-0.13269722828910796,-0.019849839066233492,-0.10247483915588303,-0.026414547384699595,1.2704912200904388,-0.051805195416518485,0.20502645867876954,-0.10082010301758952,-0.19135483602139822,0.0066796973238648066
1.0,0.0,-0.02214905870268829,0.028160897134984215,-0.15299645194238362,-0.0796352607218621,1.2610467945930417,-0.026979100672198456,0.2488042098954249,-0.02596938878828291,-0.216430104703614,-0.01841738022437922
1.0,0.0,-0.040028546395619355,0.03330025124662058,-0.18007040091483828,-0.08692188174241723,1.264921256467741,-0.036448853608165056,0.2464508535209296,-0.022257753873702324,-0.18983361241358676,-0.02407944314271871
1.0,0.0,-0.02184095575064068,0.0441656550037,-0.22181925223956278,-0.08875782696662005,1.2681010304890332,-0.028927185259400204,0.22171831738610265,-0.009601045391775736,-0.14151809442169544,-0.01572893383212954
1.0,0.0,0.1542797852761693,-0.08256102217445187,-0.30091576221274563,0.3869658643590186,1.3045475716521027,0.0010507058094483296,0.08191706524000314,-0.06787313019479517,-0.19161839259302482,0.31412443541906937
1.0,0.0,0.15050552706508652,-0.0748765497665909,-0.2800814312354121,0.4179102815855222,1.3047679861898296,-0.01002241155675269,0.07455938442420611,-0.07132624283388106,-0.22285598391374306,0.30228320100778033
1.0,0.0,0.15359078749827412,-0.07078419523539488,-0.31166453579554704,0.426185718289539,1.3085055329689337,-0.046801091109329514,0.07625976402891552,-0.020545158287724647,-0.23055777552373952,0.2897045044888305
1.0,0.0,0.13216042692842905,-0.12133536953976394,-0.3454669351078819,0.5317263626449511,-0.042219125379021755,-0.14968404658724446,-0.33888278047442877,-0.06712962020319796,-0.19235970037440542,0.19341078545203433
1.0,0.0,0.2259019927435106,-0.03249662978148677,-0.21634422191979238,0.7047989032044966,0.039526616737806206,0.06086637793646121,-0.2656320773967882,-0.08368375988940563,-0.10042480787943887,0.4063830164356584
1.0,0.0,0.0784516180747858,-0.09274411316058474,-0.14868999958655382,0.42875450865876535,0.09777200491922032,0.027843708007779404,-0.22799706090786673,-0.08131202967075928,-0.06187452540478104,0.2777859794597325
1.0,0.0,0.11748772542301758,-0.1364839822364875,-0.1220466430738894,0.371543469858883,0.22607035428325473,0.050781172357830445,-0.14271519473383248,0.02309371900366476,-0.08041003617242719,0.32990414183523387
1.0,0.0,0.22367207510753753,-0.19338434732396195,-0.05140398669666123,0.46078573962664415,0.2386828058757397,0.06281555052345843,-0.13547967934265157,-0.04770361411826925,-0.09624402377875402,0.3803084857338669
1.0,0.0,0.36465478417946307,-0.14277255942750125,0.01320424817202928,0.4651603786812368,0.19752065714880723,0.035773146094594005,-0.058288471235821364,-0.08118119582512862,-0.061984715648491645,0.3095830428454024
1.0,0.0,0.4022134575182611,-0.1312162536236767,0.007365523129216032,0.4089199318139725,0.2130678257559292,0.056002907753158276,-0.06377282393578465,-0.10050870051987928,-0.04066545808552709,0.334356402115402
1.0,0.0,0.3956310731368441,-0.1106056460804531,0.009907390110508832,0.41608896365230164,0.24696346675384073,0.10084902786333891,-0.07516959739499596,-0.18909683698324087,-0.01124547733921036,0.3309670382421243
0.0,1.0,0.4735337275644107,-0.16724842420461142,-0.030276002981097935,0.5955471630046455,0.19136255334516225,0.17652308172468634,-0.07265218140764541,-0.23188762790966005,-0.03077017609985836,0.43600678029792495
0.0,1.0,0.3985124322419738,-0.1912267287955443,-0.061311751314009406,0.44524388726103026,-0.1391066453545203,0.04252211617921983,-0.10033148181799684,-0.21348025502726653,-0.0500014101713195,0.22269650197220991
0.0,1.0,0.37134720791582343,-0.19583890718875022,-0.07212334722695149,0.4836934435527627,-0.21653445217563116,0.06967883816379732,-0.09754344606814432,-0.16080032955699858,-0.04752208228836104,0.19621164743814856
0.0,1.0,0.5384721289085689,-0.03612325534201289,-0.17953822714939885,0.7440357523387734,-0.34913731700035283,-0.040857276829712685,-0.09896612535028433,-0.15954473438924302,-0.17025593437834458,0.32800088038867764
0.0,1.0,0.5300026240814031,0.08130586446683442,-0.2796237457729483,0.7857104468927393,-0.37401856719205834,-0.01731180292554276,-0.0006162683745262066,-0.07310750780221885,-0.13355666772301564,0.34817496113886687
0.0,1.0,0.2867294774610577,0.2263564579348139,-0.27331840528881274,0.5548194164349785,-0.4567753383734744,-0.011960712748348526,0.1586222664605984,-0.05510690891760624,-0.1407868500086564,0.16996586919875337
0.0,1.0,0.252449107633168,0.20832819955838675,-0.2539579273031288,0.6095348016613246,-0.4681485091466711,-0.05176717220487058,0.17274761617561032,0.0685598723616302,-0.15366326682267642,0.12881286437474931
0.0,1.0,0.4112992770430515,-0.010378069801051342,-0.1882442917502809,0.8242199872021048,-0.46778240887488787,-0.10015394533959711,0.09637529056371684,0.0821020767290624,-0.11677956090840133,0.2740503610500505
0.0,1.0,0.3121188972668737,0.10836872619384509,-0.12524452272342498,0.6037017719123203,-0.5880164547693033,-0.09713480241026948,0.16257485108676076,0.07880980291531037,-0.18647602618134376,0.17514081239668916
0.0,1.0,0.29703561956837427,0.16584288143332737,-0.1354084432109174,0.5022435105883776,-0.5283002804934932,-0.09482036234842989,0.1705403233009384,0.09030951737993476,-0.200884071302029,0.1548276924912265
0.0,1.0,0.3300067906878688,0.15297070020269415,-0.13329587561211165,0.5246652821307254,-0.5368453127695826,-0.10680669889968235,0.07841657310739225,0.03801209395158833,-0.22201719651044197,0.2410574170227987
0.0,1.0,0.10368248062001041,0.020023820103053862,-0.05110324969980968,0.4514613488383589,-0.5838691968357147,-0.045818411492934114,-0.1420207447865404,-0.09821213988482169,-0.08304802164477679,0.15914762323896411
0.0,1.0,-0.04617414085652512,-0.13393874571046288,0.05413625889656187,0.2792209857027019,-0.6933043528415574,-0.07374626616964551,-0.2801544961205168,-0.1775876640362714,-0.10860936778803497,0.03963954898617863
0.0,1.0,-0.019051861543091828,-0.12750041866369072,0.011367340624679657,0.24692504254767583,-0.585323379733158,-0.18511788667618156,-0.2522834751148141,-0.16358680442993168,-0.11199863039924225,0.06393365896255379
0.0,1.0,0.18118539216559415,-0.2048116203871353,0.07211435202216801,0.5093971993880767,-0.544956800817729,-0.19642840842562032,-0.37478115181767074,-0.29880058683074984,-0.05598403608748319,0.31573475501973003
0.0,1.0,-0.056508448961981185,-0.06971797150709458,0.04767987677126925,0.2622587692667672,-0.5624749985253107,-0.1809576386500419,-0.3145494774040449,-0.29835925290054494,-0.07139853189541344,0.1484751501077174
0.0,1.0,-0.036966405714885894,-0.022243783135370693,-0.03620185807763687,0.2595140809752435,-0.47654263225881677,-0.2455923735995184,-0.29924634850876175,-0.2738185941208943,-0.013465132541060135,0.13166316603712755
0.0,1.0,-0.010285266998209724,-0.06940916324218153,-0.06212400226723395,0.31833826449374913,-0.4960439111261369,-0.2178017948814348,-0.28295894440724184,-0.3080950647280368,-0.0007234035725436692,0.14405351887391968
0.0,1.0,-0.0020237619265171536,-0.054625168848701146,-0.044987049257069235,0.3431777729932708,-0.47637591791425854,-0.27703540255192577,-0.24841776640821495,-0.30136881868979903,0.026810495149343548,0.09933732242510085
0.0,1.0,-0.06892540447887223,0.010130055128326538,-0.03185520846159448,0.08780428934151556,-0.47594074189443825,-0.2670743362267729,-0.1274684943859111,-0.29468936749876273,0.06160509840703694,-0.0911620533730324
0.0,1.0,-0.049126251112470334,0.05601930282990358,-0.06504895808577235,0.06536638811655746,-0.4470105608218543,-0.26072740429723473,-0.1517109830043278,-0.2261908622223584,0.09648395007033059,-0.08511426872754194
0.0,1.0,0.1366054305817516,-0.035965532531812595,-0.12062484940567612,0.4401971046854857,-0.4281920767950125,-0.22368755072113572,-0.3273009715600667,-0.2258443790423339,0.06564368452500301,0.22846274381769138
0.0,1.0,-0.08837413128894506,0.06716827424647279,-0.21439949707323425,0.11953879627995628,-0.49416193905187866,-0.19328351625701104,-0.19110622051572007,-0.25918288249480054,0.04063930254225986,-0.034876884480363086
0.0,1.0,-0.0858228287677294,0.0603865157216068,-0.24886569881184678,0.0699695827024957,-0.5016113275844314,-0.1650497199630863,-0.1769755138591257,-0.2760875118857722,0.07915428271318063,-0.00012901148300356428
1.0,0.0,-0.09243828807413856,0.048005480721853226,-0.278178052451212,0.06986055875634264,-0.5558623751898562,-0.1327790893219908,-0.19993893920134112,-0.3067735148313691,0.10628567569319376,0.0002705855742860218
1.0,0.0,0.18551225972740415,-0.07326203574845648,-0.18805582423902514,0.4068772391216397,-0.5585997571321324,-0.13438903839621277,-0.278524260627757,-0.264895116584465,0.09288459148884769,0.23026816148406698
1.0,0.0,0.16420810701472197,-0.051312264253622744,-0.1883427172673838,0.3599214419755266,-0.5868658710187173,-0.07512354614680447,-0.255968565595311,-0.27813616354585025,0.11391957281026488,0.2105950594410879
1.0,0.0,0.1342579679685897,-0.032860490808495346,-0.20014701081034494,0.4104506801598742,-0.5680340250388847,-0.12048384422579878,-0.25718520278149065,-0.26404991761286956,0.11570015270641297,0.17180449829995081
1.0,0.0,0.20265204311762347,-0.11582545511868061,-0.13536425532606153,0.5613686643092911,-0.40392061772700616,-0.045464880105850154,-0.2987854687595546,-0.30134008444663785,0.07567841873640653,0.23965367886766656
1.0,0.0,0.1669800544839527,-0.03895749384227231,-0.03830826202794904,0.5209694389894411,-0.47846309830152645,0.0220043011400168,-0.21890025926984305,-0.35911666157885214,0.09119967115373807,0.1812203355404299
1.0,0.0,0.14447623106763946,-0.06063743872550704,-0.001816722595606595,0.5081077511750274,-0.5017772212672507,0.010776351324125044,-0.19584201998049183,-0.35463663046796484,0.04474508678954007,0.17911029109292076
1.0,0.0,0.15275659352506582,-0.03346593153065657,-0.02756597152192359,0.5271429817992711,-0.5098760867683249,-0.03385928116013773,-0.22230073709494097,-0.33449309859731885,0.03758970891391511,0.14912726041744206
1.0,0.0,0.2925485098777328,-0.1610523860047858,0.036108596332880265,0.7510142973740221,-0.45000194185499104,0.04006926632694621,-0.2665990552089512,-0.3552557784446693,0.00011496879819491872,0.3033511544954707
1.0,0.0,0.07386414606668879,-0.10296726227879768,0.00875332819096151,0.5022963189175592,-0.4484565070423462,0.1078635058998818,-0.22243644512261262,-0.3610697444248541,0.05263590191398353,0.14437117515803627
1.0,0.0,0.07374709494753276,-0.0812007359331892,0.017830126713031847,0.4881776607520253,-0.4379135366189459,0.07625286404388217,-0.2419812737422463,-0.31709038750095786,0.01626708337002955,0.1312663597415486
1.0,0.0,0.09156532491029089,-0.09844214174031292,0.02800031251944506,0.45064103300280756,-0.4482451349132522,0.0673578201196729,-0.23887172548922408,-0.2923063801734649,-0.0022530560598456283,0.16100027636774839
1.0,0.0,-0.010496284140838585,-0.020715644713323336,0.02922865059625238,0.31052839859289655,-0.5975800272226757,0.03617277237731379,-0.1671440727997791,-0.31061928781212866,-0.009385421588386173,0.06293581480171104
1.0,0.0,-0.21383279818160691,0.025240981507590573,-0.011371948949698339,-0.0945270786252809,-0.6191680997895792,0.031536068340908024,-0.0976874077116902,-0.27463864628939116,0.00048385105211922624,-0.2718057402068772
1.0,0.0,-0.1914581214529476,0.052358257007113065,-0.06335744948979637,-0.10295143371103038,-0.5061846894304465,-0.004804028254426584,-0.09109905601976531,-0.13430291778284575,0.06437665597761698,-0.2795307568662806
1.0,0.0,-0.20503306622487774,0.06378912452029634,0.010474516749992016,-0.10400602353808763,-0.46610801514316313,0.05733338462906958,-0.0980821193622686,-0.16607184391015498,0.03646253207216239,-0.2810362494206383
1.0,0.0,-1.3981511930589314,0.6373481323885033,0.06747126047449124,-1.4117141645925162,-0.7811005321240697,0.07755877213050048,0.3762134959314258,-0.4085465292970981,0.13007047603960656,-1.5356478562408051
1.0,0.0,-1.4567016603718055,0.7683133888628167,0.03439646608827559,-1.6282788986252879,-0.8170381438571909,-0.05156488138321568,0.49636807288490553,-0.40270343984894946,0.07442401412645937,-1.652545969643127
1.0,0.0,-1.3339326891148944,0.7115476477498927,0.039255542367767605,-1.4593959325008352,-0.7622729972355259,-0.01549789431645553,0.4439463538685791,-0.43574287536292283,0.10106340411957244,-1.4943278294257447
1.0,0.0,-0.016579789134491874,0.13244001862765364,0.07261403884180041,0.09275412509639248,-0.43147531552106017,-0.007423569345209422,0.004253024418950883,-0.0875924039145558,0.02218960390635634,-0.05126126090113502
1.0,0.0,0.04049104926645796,0.10616963296959668,0.03978594457140011,0.009995577738669999,-0.44812896940398406,0.0029011319836636327,0.016546603568843847,-0.0950605383610275,0.029369754349096014,0.04657370013680027
1.0,0.0,0.19785498413941627,0.0649898364655628,0.020949357803279053,-0.1772506258223094,-0.4450180349937109,0.0006322792690798502,0.04859966426689758,-0.07903849029165971,0.02796942477731675,0.17211853932403437
1.0,0.0,0.27173668111196736,0.0075736511425483705,0.12421061900620747,-0.20319449642838444,-0.49593478358086013,0.014318199975223881,0.02783100582528098,-0.1663795745490475,-0.043806772673717326,0.19647546935986843
1.0,0.0,0.5993796572346398,-0.27343610853689765,0.2174815629832753,-0.049194415216122694,-0.337115875185266,-0.0994526045427922,-0.22471334845170923,-0.12165685748515358,0.03842449444149192,0.43991963695712605
1.0,0.0,0.6215801830438649,-0.29078786116039934,0.20931278724872432,-0.09157190723833086,-0.31389882209828834,-0.09570735263053735,-0.20684362165022535,-0.11831917307647936,0.042623471357023705,0.47989550344160065
1.0,0.0,0.6401931463525858,-0.285929816334653,0.21938804983349233,-0.12648819254798283,-0.22759185926717795,-0.10819152337538328,-0.17237042609872072,-0.05953259111275346,0.003942163888084671,0.5238190722243438
1.0,0.0,0.7444769507747092,-0.35535925911813687,0.23984963435622042,0.10445089746997073,-0.19528562346859799,-0.11629838474249192,-0.24266907647622407,-0.001816354002549623,-0.0012592832398658868,0.7970245298678884
1.0,0.0,0.5613348781463677,-0.35623687795295916,0.27190981953380194,-0.15712706110833308,-0.24793823227436115,-0.09136598947452249,-0.2407763752757518,-0.10171132381935008,-0.031188878577061478,0.6999360866489245
1.0,0.0,0.5396340763172265,-0.3416465028366431,0.2918225706671062,-0.1304496703850196,-0.23198274775788705,-0.06098751835097669,-0.2437231126073036,-0.0717666417821821,-0.02683799634713506,0.6620001844367732
1.0,0.0,0.4421533250109421,-0.31513212016187886,0.35308995187101455,-0.03419922224612182,-0.19795178581744172,-0.04049362500263316,-0.26514271829762637,-0.09116064296527969,-0.061593281494918745,0.5988305781122091
1.0,0.0,0.375613578351157,-0.30230291224923206,0.3034134383284643,0.02952547075709709,-0.19818581659912643,0.016001205017996203,-0.28489965067041284,-0.13048268182093983,-0.03809757369436216,0.5890358655969222
1.0,0.0,0.1500766149058516,-0.12056805399735944,0.2509436965732857,0.08926393424191831,-0.2923459675888984,0.1226997164247399,-0.2413821994572987,-0.16075927899583164,-0.10298627388533563,0.5963330701406405
1.0,0.0,0.10119844303247467,-0.006191057370492517,0.2707403378947867,0.17758208902935377,0.12759237298932108,0.28498682398081754,-0.1265050840423318,-0.09125845230557188,-0.054684541242791006,0.577413348867618
1.0,0.0,0.08074334980802027,0.037105126520885295,0.29771252269337445,0.21519274166797894,0.3743620096366118,0.6091761831481596,-0.0896224876460268,-0.04344059455759944,0.01739835981019001,0.5594790000526639
1.0,0.0,-0.1283634192805972,0.0918774040260477,0.23182640667661084,-0.0314313737155977,0.5241591620708501,0.699381337373134,-0.11020733440417319,-0.06533477007822938,0.006509704188830611,0.2641786777501577
1.0,0.0,-0.25186948792036956,0.09238099896848469,0.2672924990285561,-0.1476166413010563,0.5573139603325094,0.7026224542460189,-0.10131837614675031,-0.008317610602225245,0.07364008527034022,0.022646756906948028
1.0,0.0,-0.20236035202571695,0.06681252433773462,0.24738636365137537,-0.21225701430485552,0.7315283724420759,0.6586183240884651,-0.006594531991686576,0.003780945113413814,0.06727130232968138,0.08252942584639818
1.0,0.0,-0.1607819253385821,0.09186294215426158,0.17299124658524975,-0.12146696923989699,0.7859894669143361,0.6154251235438134,0.02845351305221004,0.008934142400045683,0.057732750898589875,0.08297231675328161
1.0,0.0,0.13131073899028195,0.004668028158555501,0.1538613391645178,0.1874296357016798,0.8380543636591424,0.5994679532048554,-0.005624443918220947,0.0156694028988609,0.046191939870984376,0.2996594842173954
1.0,0.0,-0.06899557171688736,0.07600300544553287,0.09126860455050953,-0.010858523539671832,0.8001972941989224,0.611357556649419,0.12366646077378933,-0.013986440940672196,0.03311138644946658,-0.004911845299808593
1.0,0.0,-0.029943811232075998,0.03219654827815034,0.05286545842371322,-0.07641572665153525,0.6275722333136778,0.5457479846982266,0.05081596422496075,-0.015279602612934456,0.0071350653138673795,0.00645766950000019
1.0,0.0,-0.04747199247693302,-0.009339073377045919,-0.039163669593132236,-0.07660521395552897,0.411681433763549,0.34865433490530184,-0.006841054575980201,-0.1382139708470273,0.01239470147535749,-0.013974921803819436
1.0,0.0,-0.09988134425310703,0.06802155773155745,-0.011079160476968986,-0.22168956900220108,0.12280179347183585,0.2642472267232614,0.23597064691946296,-0.24924986314870917,0.020995231904426374,-0.15516583233276254
1.0,0.0,-0.09431656774142912,0.0397422017632029,-0.04169172440427553,-0.26772715845429973,0.06726359483515604,0.2344288271493115,0.22919846945111358,-0.2691720548278742,0.0015139632720020898,-0.13771025406179715
1.0,0.0,-0.11678606186500533,0.10970423862284669,-0.11600040958376265,-0.1955501229938921,-0.2182955832623435,0.20950228124094147,0.12360221620345038,-0.07027475176093675,0.0015146847951658046,-0.2008872091100113
1.0,0.0,-0.01608215587838453,-0.040690847699860505,0.04329976024805703,-0.0068102727339163765,-0.28878463955845673,0.17824376986735066,-0.11363636037767583,-0.0666784442936387,0.1876855311636892,-0.04049026624531523
1.0,0.0,-0.4986473517355356,0.17008996398545534,0.15501410569376767,-0.5682759822659523,-0.22672445368203595,0.10322437325408343,0.021565908565745282,-0.13370800901318364,0.26903668746116743,-0.538682679979922
1.0,0.0,-0.4512116293688965,0.13069761970946137,0.16498235536317124,-0.6408624577751001,-0.14269917844909522,0.11536083216175586,0.08406681156100305,-0.07234832927474273,0.25422698918842607,-0.4910710313908776
1.0,0.0,-0.4426570636872942,0.11008242252348488,0.13267059374067952,-0.6261177741264923,-0.04584617781232242,0.07560807804096223,0.11151434623535356,-0.08448015809966225,0.2943446736840876,-0.48975594440569986
1.0,0.0,-0.08748650591306484,-0.10712962015346007,0.14117024321950908,-0.040733858147469985,0.14549933013159572,0.062274298062360074,-0.09004944456993387,-0.05652762848422644,0.26400370061159234,-0.03212643980764155
1.0,0.0,-0.10170774625901219,-0.0494316262962168,0.10090019010757947,-0.01512335716687634,0.22843537884132092,0.002221421285296084,-0.11020920169224069,-0.032151153549170065,0.2636187777431961,-0.052190460096559775
1.0,0.0,-0.0641699100196736,-0.0006042285152317864,0.10534826415247897,-0.05655376741229872,0.435727491004118,-0.011615910328851753,-0.10347479787461579,-0.030603075919849204,0.24033891347519915,-0.01870314292221798
1.0,0.0,-0.027289864776642712,-0.002372965709489284,0.16591006305379244,0.01847039187770798,0.5127230575384413,-0.04307089140369289,-0.13169100234306202,-0.20196224400595247,0.2061607680089124,0.031146379008283223
1.0,0.0,0.10267207631629549,-0.05143190584910918,0.025781823680061062,0.19999200735202982,0.5694123814015682,0.033132760910486274,-0.12565834245961197,-0.18190854758615907,0.09094627229200337,0.15348471826758073
1.0,0.0,0.08297487438593279,-0.06706984173973603,-0.0035256617680086135,0.21418511450964803,0.44508681824468455,0.055420102643941,-0.13740908634671278,-0.1472421591298146,0.104604612727904,0.13772815935674787
1.0,0.0,0.11564787362371912,-0.05826145111953062,-0.037703105175662305,0.21157748441532623,0.6406890372365238,-0.009596592894905066,-0.09862188789014936,-0.1699517926469185,0.1080438210082585,0.1323009273154011
1.0,0.0,0.07840158970292832,-0.07651206243265289,0.009825014256690748,0.2417109453312546,0.6683482692082955,0.004218422984616442,-0.1069826284695221,-0.24740833768628473,0.0778577536296749,0.11611976354627693
1.0,0.0,0.17148307682328562,-0.2422800163081638,0.023291709786729512,0.1983899548623604,0.7191602703062452,-0.041100046964392956,-0.19880750663909585,-0.2642383337641992,0.05254913861713411,0.0008420230526336586
1.0,0.0,0.16455397363911778,-0.28625474592680206,0.033980250013315866,0.18425291243170674,0.7240397459140804,0.031984717338298586,-0.17630400987933734,-0.2962139388259171,0.08215042545742983,0.01633338479369919
1.0,0.0,0.17562160946559024,-0.2905350650489117,-0.013297466686342019,0.18411800767408268,0.5878427747184167,0.008544202681890217,-0.2113402748525472,-0.27409708648659004,0.12523573903817053,0.0076385887090233105
1.0,0.0,0.2810591313108116,-0.33242519418647315,-0.023532982080440617,0.4041346491684614,0.5221783249653361,-0.015500745439374542,-0.1873568098916224,-0.31081535606220684,0.16034884639815244,0.21681217063247737
1.0,0.0,0.13885144164589727,-0.3010965886146501,0.013026895968689113,0.23726454201165526,0.44578865843622845,-0.037265629114110965,-0.16738855968156371,-0.3317633693095708,0.14454285002660688,0.15762525110066655
1.0,0.0,0.1599809283182934,-0.2787340748184176,0.01422734755562341,0.23077780656076327,0.4737170709747928,-0.022958384014511866,-0.1470665916998318,-0.39196036194658446,0.1665242407980855,0.169076327130387
1.0,0.0,0.08929452315049756,-0.3203758493842352,0.037932897929319066,0.2873614839721101,0.1641159940906043,0.009348772643768257,-0.2309328258116641,-0.3955249137153011,0.1612805680611887,0.12422635353269751
1.0,0.0,0.21386415370784054,-0.34824867992643366,0.03398078607710401,0.41648188979147593,0.05476708804494751,-0.012852909954018542,-0.3546413293833741,-0.3521778746491529,0.218411731641875,0.23511237684135772
1.0,0.0,-0.009331881222319274,-0.023814275806370536,0.019365105615084123,0.2231073107374396,-0.25592658736693835,0.018298706407077085,-0.18628788269866497,-0.3400150403456203,0.17250165962504013,0.15228690482587923
1.0,0.0,0.014162501946607925,-0.0054589341133114795,0.03739080622768322,0.19456058214425753,-0.3678028789252057,-0.0005376401543377326,-0.19597665936494296,-0.2785635428273718,0.15245441147127678,0.17212023054958941
1.0,0.0,-0.004029176539330562,-0.08137497534249322,0.04628259528252552,0.30191515080375125,-0.36568392208820627,0.03644394894940892,-0.17935600516256145,-0.3095832685240199,0.16245922247690225,0.14478665852180492
1.0,0.0,0.14715996603182552,-0.17579476232108152,0.11043123809058708,0.32033737823081326,-0.3994033322980086,0.1036181632960244,-0.2290012906180148,-0.3069661202168027,0.10442626979609133,0.14378885906094552
1.0,0.0,0.14060251600923207,-0.12047129133519469,0.08810844689012484,0.2092118682709565,-0.3563628930235308,0.07425794700333953,-0.21429436382603315,-0.3010437203275035,0.10331358258687064,0.0014668287027267135
1.0,0.0,0.156861767112786,-0.11556344533570784,0.1007848930249888,0.1795851539832916,-0.28845267638520167,0.0777203484876444,-0.23542464347449144,-0.2510316940731407,0.0875402727030558,0.010058699344617228
1.0,0.0,0.3178121130119431,-0.0945489785741869,0.051093724711819256,0.42158630324308133,-0.05828237425664206,-0.022534992290164608,-0.313363067286247,-0.19043334853164104,0.06457954209256513,0.37249716947324757
1.0,0.0,0.2668224548556738,-0.06838056388881922,0.045565605917925626,0.40406518105135847,-0.05791288348764606,0.00020082795678138754,-0.2396326669988625,-0.22020274796422457,-0.003988009224017762,0.3795576535935139
1.0,0.0,0.24198397524994394,-0.06562215120611246,0.034095782367263995,0.4404481706189769,0.0538162249708497,0.0742220241501396,-0.18795611667169076,-0.1605039726570628,0.03494474031825996,0.36949144034189296
1.0,0.0,0.22180920961596728,-0.03485962915796193,-0.009251068953774613,0.47121159540665547,0.09876661571785952,0.06947221101345705,-0.20600632160909796,-0.06296688774453395,0.07282247883659841,0.3421941818640695
1.0,0.0,0.19690927865447744,-0.05630215435877209,-0.026041490343629525,0.4200138029810687,0.16532628878866082,0.1782798190471791,-0.1771755404055244,0.359431271943614,0.04472481481737074,0.34675765906796585
1.0,0.0,-0.12717485813068188,0.08629663456475893,-0.07111234016780826,0.07047297943729607,0.22908295151866653,0.20891931190943544,-0.07146902898732245,0.38977254334546174,0.06690968591154708,0.14563876450466728
1.0,0.0,-0.13598919939739865,0.03390020298881425,-0.024905119605578153,0.06384173589650045,0.2445086603241298,0.20758245477764428,-0.026821416742475124,0.3858358397114346,0.03240611730954932,0.15369009521302862
1.0,0.0,-0.12465494922425924,-0.001603599983741717,-0.016010890458235793,0.12698504314439002,0.20153204123893753,0.19403141551729378,-0.050045884341596604,0.39702362022858884,0.07011509833191244,0.18722561681725308
1.0,0.0,-0.1714585971640702,-0.08583412593429966,0.07592744966235196,0.21273482533997715,0.10755285130403584,0.2633411438796998,-0.07298597799952346,0.328640062220511,0.16720706753544404,0.1624123293669293
1.0,0.0,-0.248562954487897,-0.046439279572494045,0.08708500470467177,-0.014325721598356461,0.10290980535080452,0.2665877132173665,-0.0133136818915381,0.349323680220088,0.18131958773753767,0.025394179198300712
1.0,0.0,-0.21749784541535597,-0.01973901591999481,0.056541155875469915,-0.02623637491435772,0.10393350456342319,0.21332577909609582,-0.012634070995835342,0.36089400731519233,0.15866245594341621,0.034115271425221305
1.0,0.0,-0.16575246374428038,-0.04259523665560637,0.04099717611565825,-0.07040054366356514,0.08375072597081984,0.16656974406968236,-0.021226605209192607,0.30062806575077233,0.1570080691665601,0.06651766774008688
1.0,0.0,0.1406210116568624,-0.23724543128977144,0.10137373120069809,0.23614205717979606,0.06714504526133003,0.01393114376502739,-0.13596656615998892,-0.1551926347926422,0.20753688968805953,0.23736063198437068
1.0,0.0,0.1631120757607498,-0.2696450369609032,0.14531078659638458,0.2055513033317484,-0.021691719688880624,-0.08278636204193791,-0.16580147243646354,-0.17493562326728646,0.15559370489687072,0.2505705946503929
1.0,0.0,0.17777864913120528,-0.20642516111798356,0.12319379719597406,0.21531092813358926,-0.029382999741195414,-0.0714852493518746,-0.21152336431327773,-0.17685069204310655,0.18442718322456605,0.23223649649980202
1.0,0.0,0.19332441013628554,-0.18198885375403343,0.1258108492442531,0.22317491224477215,0.011131836008482637,-0.038862622846957885,-0.19178717601742865,-0.20620942390886454,0.18600127988372384,0.2529546067680061
1.0,0.0,0.21311652647980872,-0.19092940886428125,0.10068397169926963,0.20608518096641767,0.03392592614337442,-0.019548285191119168,-0.12021826042421956,-0.16225893525031748,0.11536978263416639,0.2399926361401602
1.0,0.0,0.2284831329082686,-0.17710945414637025,0.05404070043860166,0.18364425754666966,0.03942375883099681,-0.059338891476984415,-0.10930648990275957,-0.127729033807188,0.13546405888164545,0.2592738821232434
1.0,0.0,0.22671839507681685,-0.20158276101814798,0.056751389418839435,0.16422355430684504,-0.043569125400316204,-0.050881720455554745,-0.15382338073711005,-0.14045106855804376,0.17163880148460114,0.26192691031227255
1.0,0.0,0.3495727098024188,-0.34079627564333065,0.1472836161065152,0.34201457488036935,0.005393566596055098,-0.06016458930168582,-0.2780998834794317,-0.1710789761175224,0.2049585024455289,0.38276713727992134
1.0,0.0,0.1657728465266199,-0.20927197200213826,0.16682420725695962,0.17172638892313052,-0.04142601026033276,-0.04213673644475214,-0.2321206027561417,-0.16838574691556787,0.2367961904774133,0.2669959289365895
1.0,0.0,0.17046503982848119,-0.2135004363217486,0.17130044869730288,0.14842366370436644,-0.06516889057361214,0.00446829247068351,-0.23598727497495187,-0.16431538220240116,0.23943692619502271,0.2781885718283698
1.0,0.0,0.1715153936013917,-0.224254976482059,0.11775567440709052,0.14901210200895296,-0.04143573543342509,-0.022139869968590117,-0.20072504755578754,-0.09232273419621066,0.24372299102265663,0.29452152153400407
1.0,0.0,0.16771026380185589,-0.2283422513256837,0.09544368054198561,0.06971496780195885,-0.07911488810790698,-0.04128874723940663,-0.20196229512700103,-0.10192746640145883,0.2286657849053992,0.2648949331523485
1.0,0.0,-0.12515916019627338,-0.13362518949575308,0.10085470406279186,-0.4111980937658512,-0.1947181324324319,-0.03457014701133916,-0.17327456816100897,-0.18292674804013237,0.2666071167235319,-0.21103885963601132
1.0,0.0,-0.11934748016575102,-0.08959855246361409,0.16712087259014208,-0.4056586213025245,-0.14260068194436826,-0.030764007318999934,-0.1965692305971335,-0.2165764489925735,0.21198902043134998,-0.232326405020325
1.0,0.0,-0.10758185870808161,-0.06185813284049811,0.15980435407088306,-0.40752895569038905,-0.1023381429672483,-0.04406777540749719,-0.19098384886749317,-0.1893065826076366,0.1745086222967708,-0.23564411185722234
1.0,0.0,-0.7854085574627947,0.416936013106573,0.06779465663268659,-1.1395849691370952,-0.3640766697300558,0.038543513086367595,0.22673768784392,-0.3376527397818001,0.10577462923174191,-0.9833824057933144
1.0,0.0,-1.1755565422923735,0.6848350149794007,-0.024860546993942825,-1.6648948959734995,-0.46750013702060744,0.10486554537425527,0.4640631126722443,-0.4101270422030824,0.03847466087513039,-1.3187673060518752
1.0,0.0,-1.2383408536385794,0.7459598137007586,-0.11282240584113248,-1.597035147196585,-0.4133728100705586,0.12756389372563035,0.4605160051193293,-0.3846505781733692,0.06774904458329577,-1.3170535346549619
1.0,0.0,-1.1318483105422728,0.7053756417553371,-0.09488224879151466,-1.457648494768451,-0.41513270553164483,0.131352546650484,0.4354207205887697,-0.4225443587371121,0.06817843132277131,-1.2350203924152208
1.0,0.0,-1.141543550652563,0.6854715490658656,-0.10533186828641529,-1.4147313092566094,-0.387824930033833,0.15259344480888126,0.40546492600172185,-0.3630508811800573,0.04891661445883576,-1.22113594118963
1.0,0.0,-1.1302307898774357,0.6504448154239291,-0.0591976838049736,-1.3977354959840558,-0.29899014422590375,0.15719723682436174,0.4564672704557618,-0.30515646724914863,0.1057368580062258,-1.2402425544887823
1.0,0.0,-1.1449646278377177,0.5853886472739657,-0.12851897777216154,-1.3745324043774902,-0.3382310304387448,0.21655159487934544,0.46681531457349285,-0.29622431116687875,0.15216947845538767,-1.2321701731198609
1.0,0.0,-0.9975163518785416,0.2513633454561029,-0.0952292302871142,-1.400104220304672,1.8220107763718865,0.013972662377459434,0.6208171394551122,-0.14817392872798857,0.11595661639650055,-1.0431850465785468
1.0,0.0,-0.18432974034809754,0.20976423206415365,0.01630516747718007,-0.46748488187139925,2.0993278343125135,0.04752696207891712,0.5696022566432548,0.051216600151446065,0.17789992599291235,-0.06942108132808143
1.0,0.0,-0.19420311233930965,0.19308656799827006,-0.0040307481552487555,-0.42374100258899394,2.102281912578151,0.05580859446601292,0.5734609457619563,0.06278551579346037,0.17401385019390536,-0.07765902681978026
1.0,0.0,-0.1743089165321991,0.1983631126521525,-0.03445459960264555,-0.444330666106586,2.121389290042547,0.03402828826125341,0.5796881294701722,0.07990851991460958,0.18535373212265666,-0.07004063978964463
1.0,0.0,-0.1886794933364192,0.19570028097864986,-0.01912028463889487,-0.4908889606140389,2.1190764465139034,0.035794848453711656,0.577269362387997,0.11272878918737994,0.18910873919976035,-0.07382012514503185
1.0,0.0,-0.1014488424426023,0.15874642609590275,0.0029972590163269072,-0.2630347118192384,2.127702559277797,0.02278670551549651,0.5523132408478465,0.05302471456747653,0.22841659719690274,0.010696328851977133
1.0,0.0,-0.09200652657432021,0.16276859804319674,-0.00952848685361045,-0.2648878068834393,2.122966025319956,0.01989743758845962,0.5464618594903313,0.039347891147608505,0.1988520131031529,0.013610711456677041
1.0,0.0,-0.10772218368116206,0.16726906408427641,0.0349737419006203,-0.25690675667199453,2.12248212780263,0.018699418380626224,0.5424051972209625,0.08985141136264214,0.1909799992236168,0.01402761797103752
1.0,0.0,-0.1939055142078386,0.2983751688471556,-0.010308746404404871,-0.14312030378385937,1.0761766444171272,0.15000970542355105,0.4787521514002112,0.036206141323737714,0.1793227645158432,-0.031183209771206546
1.0,0.0,-0.15289956396820994,-0.0219993964748279,0.06207043562187728,0.015525241599568106,0.015679010048556076,0.13166381643289868,0.02239316383593525,0.04127580443775655,0.26176674779793385,-0.004196423205421393
1.0,0.0,-0.12277434903839267,0.05159174711267962,0.0677482606059538,0.03253812881166488,0.030935492262647295,0.09030443125286554,0.005773542139445474,-0.007614221452151987,0.2678508229321592,-0.010569192744539685
1.0,0.0,-0.12137464173443746,0.03132466481497371,0.11252181850806714,0.040518512942461296,-0.15231022859783994,0.15780365634222432,-0.02485687056844602,-0.05400954408057318,0.25327949447689396,-0.016023678171539588
1.0,0.0,0.0714957015366473,-0.14913646400990915,0.09532520294353741,0.2891270303146995,-0.0373166353849575,0.19220520868569088,-0.16392327475176122,-0.062741498361329,0.1911412082349864,0.15024165771590925
1.0,0.0,0.07243289839343542,-0.1866867815733474,0.042701045792908315,0.2747126085870997,-0.036912668991956506,0.2268319381142049,-0.15247215920752538,-0.04130107481313576,0.14634804832943893,0.3151530925582533
1.0,0.0,0.088915583776276,-0.21350746540944293,0.05629441470878488,0.23973350366679272,-0.04022101947905736,0.2123098474934833,-0.14690861984743625,-0.024816475773652476,0.13600343870558246,0.3361012318352383
1.0,0.0,0.08647571839861999,-0.21336660576258834,0.02469019247948976,0.25004493367177943,0.0021593537297125535,0.17611868766549138,-0.12038760298509973,-0.07055355259653866,0.13833946998700647,0.33401795020170405
1.0,0.0,0.10006734934913236,-0.20254226284579213,0.06109138166923608,0.24618367474571484,0.004004496525098222,0.12614599663085072,-0.10101959001554968,-0.16793970473238243,0.11802305385466168,0.3083892398974478
1.0,0.0,-0.13796915391587655,-0.08952726612230083,-0.04592248043812822,-0.14728295199934277,-0.06113066204372106,0.10393047450951512,0.017622932993039006,-0.23765176690885392,-0.08132266260676134,-0.0035795527695084844
1.0,0.0,-0.10583676525963773,-0.07773980030087889,0.000609039596646235,-0.21156953795343617,-0.011334243357947322,0.11643206853754251,0.02149134497027641,-0.14697039125735642,-0.1104791089853959,0.0008364187297190129
1.0,0.0,-0.12900007295526417,-0.07731091256267672,0.016788740986955493,-0.2000060558360583,0.008000142234770767,0.09913067296871685,-0.0005358328393797375,-0.09007421279949522,-0.10398324112961031,-0.0016486870018239397
1.0,0.0,0.014959239018409915,-0.01643952762973947,0.15183712543483568,0.018779414627360984,-0.06613023932490758,0.06261603870767293,0.0713907527196131,-0.06790378122307425,-0.027577364283688982,0.11316662246790424
1.0,0.0,-0.0783806938184926,0.04636309763257856,0.20242982863297176,-0.1651638676643508,-0.044671589872781574,0.06921026117662014,0.11699463421429088,-0.11629237958695318,0.015764490198793245,-0.1842299994675343
1.0,0.0,-0.11556768229642254,0.06781457043859174,0.2174409340742922,-0.11849514642572914,-0.03526376625350569,0.05986524943462281,0.1058486023044254,-0.12917362197088633,-0.003644796536233109,-0.2185745834739786
1.0,0.0,-0.040823409438354226,0.10876200224351133,0.14882943418059513,-0.16775328228510117,-0.06277224444283908,0.0038418987924057953,0.07883140280583342,-0.0895776236548035,0.012231428965930793,-0.20258818309701246
1.0,0.0,-0.06260902501198788,0.09944524626635655,0.14588282906753927,-0.19174583912972631,-0.07508146279039865,0.004741633395151711,0.04053255671467206,-0.05414506092429355,0.046696656991948075,-0.1866749767605399
1.0,0.0,-0.06457670927153235,0.11351446824142436,0.10373646184556146,-0.19113807651377934,-0.05313444588788248,-0.02412257200719932,0.04539170218773095,-0.035524279828204296,0.06780310243999765,-0.18262023531165977
1.0,0.0,-0.11204112072490939,0.09786520700429521,0.0771166693529556,-0.1746667216102304,-0.09442778705717009,-0.03807955407964331,0.031058784724687174,-0.07577433176811815,0.09397402126335115,-0.17756753713900889
1.0,0.0,-0.09805464396932584,0.10077657602511551,0.052089997400759196,-0.1967033367174389,-0.13476780825978793,-0.0004255413197280482,0.03709397892728925,-0.15357742726447232,0.10732475845979868,-0.16765428282090866
1.0,0.0,-0.9866337030834296,0.5053661931297674,-0.05925605672920149,-1.333113726300946,-0.3348903831909552,0.00968302017186868,0.3820389311228484,-0.4126106421940824,0.061237817703385815,-1.2067568971308291
1.0,0.0,-1.0267189044364053,0.520454409561793,-0.07471081841601765,-1.4144384953325415,-0.31363036932409927,-0.07615593037623838,0.4007240476631937,-0.35730191305443715,0.020359040879967358,-1.2894219128112858
1.0,0.0,-1.015363299143959,0.524051697794086,-0.10097020712116209,-1.370707124462149,-0.333231397103466,-0.011270424475567193,0.41575237202072285,-0.33468812902736256,0.06262564611060939,-1.2761075373381805
1.0,0.0,-0.9988364717542972,0.5103759721082166,-0.08688778201434894,-1.2943916558231559,-0.30993672634325475,0.030799420209195474,0.36590179846949916,-0.29311193544029435,0.048503540616901014,-1.185817883678989
1.0,0.0,-0.3210271073585506,0.0647674544110744,0.11791734123705522,-0.3638391235575298,-0.14545176327216036,-0.07161161597734703,-0.020599097025348265,-0.2037253453525391,0.16289725856095574,-0.3962813595666369
1.0,0.0,-0.29404293473309945,0.07943778014574741,0.13822989726796675,-0.35108391505556164,-0.13659018911251936,-0.03839280321390715,-0.03963713083839719,-0.21292746116512615,0.15059680371211454,-0.39755984252166543
1.0,0.0,-0.2970629599730107,0.06286529726681103,0.15504258183079514,-0.3512788519133689,-0.13907927022648203,-0.0285861374614179,-0.015965932407841676,-0.2285987542854274,0.1476911827558479,-0.3897126830138747
1.0,0.0,-0.17646734233401043,-0.019662669001055146,0.17869604616584223,-0.24110172682917277,-0.04968939160708786,-0.06094783057214066,-0.05995912359315942,-0.22865172468479736,0.1840903913321703,-0.26779624708310845
1.0,0.0,-0.03215180787432821,-0.15181823881711679,0.21672853804853606,0.0500616639575374,0.011130653987741095,-0.04520044864126733,-0.19991872185133663,-0.23822357393612892,0.31702836781949284,-0.017595021778838413
1.0,0.0,-0.03977783719459179,-0.17941417706570356,0.20582363348672106,0.04144546931501307,0.0008345702642399977,-0.006264108667692857,-0.1914124711450199,-0.2639535204547204,0.35522887344447573,-0.014373516537743297
1.0,0.0,-0.00499058213648201,-0.1765501262124184,0.21775976500101446,-0.008055955751085505,0.04273493417419131,-0.0642360416898572,-0.16661503475702744,-0.2793734116453532,0.3465838884244275,0.028077440782206087
1.0,0.0,-0.05077081387624478,-0.20960203751063963,0.25591741151605374,0.09678917496053929,0.04507922543787572,-0.07458579937530718,-0.16210600563193558,-0.37114833471854464,0.3340095589874712,0.04849642858972936
1.0,0.0,0.23970095638970101,-0.15641871369115437,0.12560017209836255,0.24649218482277482,0.024558225522430404,-0.006569086040389248,-0.10275570799341707,-0.28759408580367835,0.14925239124225004,0.15930154290773543
1.0,0.0,0.21129089511711202,-0.1600821163778386,0.1463578053367738,0.2714662826544037,0.03406480068445373,0.0050335891576619605,-0.10117402876403352,-0.2612722759678012,0.12915938979272304,0.14618321033677106
1.0,0.0,0.21583544318538295,-0.15790375222133196,0.11208053707546421,0.27542228680579633,0.1473438848335431,-0.05507379404791138,-0.08485004178524248,-0.21556175289417545,0.1376111046670869,0.1373704411824753
1.0,0.0,0.1504772105151702,-0.18776141285311357,0.14251384411762524,0.2991473536366739,0.09606602280767243,-0.059203828038968453,-0.0614894540439224,-0.17694947263740088,0.10438394629042495,0.08153197827089734
1.0,0.0,0.32477162771559753,-0.2674440281629288,0.17004387919597277,0.23490685990941904,0.13296290084806284,-0.0797868507765143,-0.08513922118406413,-0.16539431196556328,0.019190505116853537,0.14174606101138157
1.0,0.0,0.33155213664863287,-0.24293896285774338,0.20395523457532683,0.23308819249776508,0.11988691410817444,-0.11046501850822456,-0.10356150224740404,-0.15176365500393213,-0.03640164352231255,0.14549610964996976
1.0,0.0,0.3207480273115159,-0.24949031100763033,0.21405928053572523,0.24742524536902166,0.09505256645238623,-0.0739275711585932,-0.1015980872171575,-0.16159512119953545,-0.03576944843337543,0.14017535758052235
1.0,0.0,0.32625219672354494,-0.2433166525295244,0.23996744382173035,0.18828375848293022,0.12443355119145742,-0.0573521013412295,-0.09679423209186755,-0.15417171729734147,-0.013865758447807526,0.16749683936528692
1.0,0.0,0.16253173974979365,-0.27049462939038543,0.3703666503732275,-0.03735299656032403,0.1013603039321947,-0.06871922890817606,-0.09636291912225357,-0.22949619257867185,0.12111669393121002,-0.019450105474354027
1.0,0.0,0.1703759175094194,-0.293284022592724,0.3595629816587376,-0.06410527973419847,0.07541743085945087,-0.10067228078743429,-0.09370761675574776,-0.14574115139004185,0.09017769138729395,-0.0025268749386280487
1.0,0.0,0.17917125731826392,-0.2973697086538955,0.28771190587324885,-0.054859137474891594,-0.01898498933503231,0.00890034925473222,-0.12443435226291165,0.7811187986584298,-0.07806245702983924,0.03161884135476689
1.0,0.0,0.21195646706271287,-0.2235219449930962,0.2867345638244582,-0.12047982588155447,-0.023362967447110337,0.006377079013179134,-0.1399963208563276,1.2036759729442366,-0.15503126728151134,0.034211369670362854
1.0,0.0,-0.08471042416197926,0.002363213916133844,0.2548873898346297,-0.19871144426410328,-0.13303123251349006,0.0007264658903435833,-0.0321638223299825,1.1855535657278367,-0.1737343589552337,-0.13679120678767973
1.0,0.0,-0.08692904121398748,-0.005799710345050112,0.2450903580478405,-0.20370634686626277,-0.16293476061588053,0.004808959905289392,-0.04663575278494202,1.1770776179486082,-0.1595335627842017,-0.14210557099418328
1.0,0.0,-0.06668639079213447,0.08266012412265934,0.21472809198838613,-0.17790401245870294,-0.11477899454653306,-0.049842837538522526,-0.10164711736615041,1.197301074895468,-0.16599893182430447,-0.19385568147383558
1.0,0.0,-0.08173510982890744,0.07012213907001265,0.20789060407663248,-0.21115464286044688,-0.1490908154052481,-0.008896157448366004,-0.05045307081145517,1.225260044672731,-0.1456044352596282,-0.260674677524083
1.0,0.0,-0.5639394792714275,0.2685285488254472,0.15542444305036926,-0.6085508535449985,-0.16750216812444435,0.002043192727676578,0.08061472427915065,1.210152817624655,-0.18794307613206393,-0.5385381259715951
1.0,0.0,-0.5248465124879137,0.27583347764042854,0.1419470383448337,-0.6546439204722115,-0.0823621425488581,0.01573651780469768,0.12153286277159023,1.1864576315557205,-0.16542833878765606,-0.5059438278528601
1.0,0.0,-0.5563716610905773,0.2812208332950703,0.15525524644504102,-0.6235812668051464,-0.1097193805447125,-0.04455623136607023,0.12125329812378076,0.6791707552861157,-0.053100012541871494,-0.5828806792738062
1.0,0.0,-0.47743490755980633,0.2747408114541646,0.01191753019001307,-0.4556454841036535,-0.08944674096069767,-0.04008274560521272,0.134104497542456,-0.1589458908129574,0.09238762440170552,-0.5474583594250196
1.0,0.0,-0.42862778230028525,0.2839901238777073,0.06615582147331925,-0.5200565370952108,-0.11471525739407495,-0.032369707294026565,0.21640067824825798,-0.06140587042606377,0.12611286238209712,-0.6481735799821393
1.0,0.0,-0.41303511065590626,0.2650504559471529,0.05380748624949529,-0.5356487918151114,-0.1092153823263531,-0.04581105640999133,0.23443692613687417,-0.03215553459846432,0.14734118297098384,-0.6299725535051298
1.0,0.0,-0.4192510084271688,0.2211452999882355,0.06707919427790109,-0.5507646718994025,-0.12584133843139156,-0.017464192102215448,0.24659474258146785,-0.08355182351562818,0.1613638917049999,-0.618544769300336
1.0,0.0,-0.40207128133154296,0.1895627608104456,0.04305623986407163,-0.5820611040354035,-0.13513150966302678,-0.05014283586087687,0.21182329691552798,-0.21536812372153544,0.11373528410915354,-0.5953320273736163
1.0,0.0,-0.4074486440317812,0.18891241039933493,0.052791113255011596,-0.5786525049236498,-0.13885121091435587,-0.037115312380087084,0.2248327419850973,-0.24681104405495355,0.12278985817490812,-0.5954267418833844
1.0,0.0,-0.4136824674896474,0.2076932018014755,0.043801817037616014,-0.5448847478237102,-0.2090151846607691,-0.014548039180058177,0.19685546022087,-0.19205558785919252,0.1363514278041892,-0.6267281442026723
1.0,0.0,-0.3899384890313436,0.20112917200432887,0.06163460860933623,-0.5754970988183916,-0.16419136387928537,-0.0023590868119460137,0.2223215016472355,-0.17148493912809137,0.1326698172520497,-0.5898087365136188
1.0,0.0,-0.5123274312312672,0.20635868796056667,0.10665191922724161,-0.6843616055071795,-0.12109424303536889,-0.07819849748268543,0.2635744425768539,-0.15405001250174638,0.17303120050432808,-0.6837435588416559
1.0,0.0,-1.211578436156366,0.5073364609436374,-0.0030445609917547204,-1.5769217783802998,-0.17893119369463048,-0.03230909048871687,0.5604632544252347,-0.3877273750565575,0.1515742761265015,-1.3732110841561407
1.0,0.0,-1.2333126552718738,0.5399465746839437,0.012194095295231525,-1.5834500359091972,-0.17806505390707383,-0.02665198020900055,0.5532647684076907,-0.39381244656001424,0.1230792728990899,-1.3897765970780191
1.0,0.0,-1.2317643130710576,0.501239726450822,0.058404730387134896,-1.6003890092911295,-0.1601659425004008,0.03447840646828629,0.5438991307660398,-0.4206099115136195,0.14509993836829543,-1.3302615647903773
1.0,0.0,-1.2005753861903106,0.5657175498216087,0.03329957592155719,-1.5492912485419497,-0.162755919320696,-0.015874323719478046,0.5425977841167411,-0.35940559896391144,0.19751520125293634,-1.2869438195487088
1.0,0.0,-0.2433260550079436,0.1561031060568648,0.10942252544943179,-0.5193412204999606,-0.023528690815329698,-0.04697591602605452,0.17229692573607056,-0.17568967561750026,0.17467800657727406,-0.39670117251598513
1.0,0.0,-0.26437636496153993,0.12832901722542522,0.1550389983186047,-0.4497060807171884,-0.042203511249553044,-0.07882421544781221,0.17931539777525635,-0.19975278946081237,0.18033632908351857,-0.3730191576864428
1.0,0.0,-0.2607752335196727,0.13853842273809153,0.14994925238227538,-0.45911360281393127,-0.08537164849763071,-0.05944619753561331,0.15976731891867474,-0.23184788158938113,0.17989582922340816,-0.3858477754553117
1.0,0.0,-0.2593651497037483,0.1327824761154668,0.1294854984910987,-0.4598931719347068,-0.18332755682762547,-0.008322777223972861,0.14217228875752733,-0.24851117417124405,0.17184435835464817,-0.3527220524432432
1.0,0.0,-0.3022748700853222,0.12621935220833352,0.14690739077812587,-0.43217926803860723,-0.2076180327254878,-0.036037794843043564,0.11177228402896211,-0.178301935006612,0.11868276211767176,-0.380542982466333
1.0,0.0,-0.30803967112951003,0.0919332959655522,0.1457995911994208,-0.4342362645441476,-0.1596757253267478,-0.02271973937401708,0.1468362603890942,-0.2035027015315603,0.12997164467374364,-0.38353236561098336
1.0,0.0,-0.3381730115337886,0.09143620211229637,0.14680583252825893,-0.41119157323152267,-0.1374887933355906,-0.053954764456654355,0.1404387017961714,-0.1323800263215416,0.10741004363727111,-0.42033138176269336
1.0,0.0,-0.3446524126795228,0.07081150508177753,0.17343367545832708,-0.4097430774354837,-0.13568134712145344,-0.08569959810752865,0.13631778014776746,-0.14250161753077029,0.10900636991594877,-0.4400960950387159
1.0,0.0,0.008297045370531074,0.0677102733773544,0.02983551917023376,0.020770722263179362,-0.06430129784675825,-0.07597231987106172,0.12238928044361291,-0.054849142295191944,-0.06834483056235814,-0.14171061860083828
1.0,0.0,0.04913661043586486,0.09162063610138384,-0.05088580120490745,-0.037658764119348674,-0.03929235452443689,-0.05660907762303118,0.10531856535155283,-0.06860267707772083,-0.07919519812876731,-0.1170190119848896
1.0,0.0,0.05398339180590027,0.08531888907340572,-0.04338286558675799,-0.052836370177503755,0.0103243048931693,-0.04740278371194251,0.10513784159439038,-0.08811877252473808,-0.09639822031509868,-0.10029553378612244
1.0,0.0,0.05286687733222332,0.06266045171567111,0.0019705664064242202,-0.053283487622550516,-0.008393127026625527,-0.041177916780202,0.09867243578655926,-0.0770613763326078,-0.08718311865711383,-0.1223284612860395
1.0,0.0,0.20552501553798502,-0.021809989603612724,-0.034679012556985696,0.1271100912855552,0.0058536438925012105,-0.0661983187975251,0.022583805075284007,-0.13578704627839872,-0.07489812955375459,-0.0363791107409331
1.0,0.0,0.23389875011171807,-0.0054501928440367515,-0.014659501417972225,0.1199381157818951,-0.0045150987236888054,-0.039502396908922474,0.014668803055063113,-0.1152838760567441,-0.09156198949469142,-0.02746022680687673
1.0,0.0,0.243841222329694,0.004115893672657727,-0.020075027270770478,0.1092085344753038,-0.024250190974785556,0.006841336909136188,0.025645159814019963,-0.1802918391259524,-0.08595845348558187,-0.015085981281273633
1.0,0.0,0.21686249607014185,-0.0012272873566167408,-0.03593050415628161,0.13955686429268593,-0.011156611491538822,0.06360238876138835,0.04247808998101432,-0.14959423779910705,-0.09177657025597005,-0.037359271790809
1.0,0.0,0.03027238521672082,0.008034693859729691,0.03598497593213584,-0.0006428667232678841,-0.08798986737882668,0.09551632093620926,0.049011957234584604,-0.1573265499357548,-0.004177395107115964,0.0720169594811146
0.0,1.0,-0.018718508805343773,-0.010678707618237838,0.07464179578792005,0.020462805686151157,-0.08424043642783596,0.07072087689866818,0.0345124303306522,-0.14732459152403474,-0.008367441096486914,0.03656376562617505
0.0,1.0,-0.0006900100747497797,-0.013105714565309566,0.06325032569340397,0.023626815430454425,-0.11219798585202118,0.08175471025819646,0.025645577121815137,-0.14583418157375755,0.00577226824994312,0.029056747535064424
0.0,1.0,-0.011822921633942956,0.03574845114322797,0.004974897037497695,0.04061544802851218,-0.03438280423933206,0.08315438784805616,-0.009923081311218199,-0.21793498184204124,0.03580456603552882,0.01432179239833144
0.0,1.0,-0.19570490793580397,0.12208284949319531,0.05382313170417322,-0.2139761729006376,-0.04973233987911081,0.11324463500459708,0.089267584505443,-0.17543538610773282,0.034392810226526585,-0.049585318480224023
0.0,1.0,-0.22500260782785547,0.14624194627328635,0.09580322519503544,-0.20503455689971803,-0.08486863788915464,0.14255285091179934,0.053525324937356976,-0.17927331691144624,0.028133733006262637,-0.06978415106856342
0.0,1.0,-0.11317320820256341,0.1195787378464603,0.13948579254078347,-0.10087726420482811,-0.13902698038000966,0.11308113064256518,0.024484785822700333,-0.14932673944210076,0.03138557353735474,-0.027827132983229915
0.0,1.0,-0.11708981136200393,0.11910017904843728,0.16076586262839304,-0.08686660315456088,-0.19310026547173742,0.1126582370106513,0.007543271264406235,-0.09240658487675148,-0.004588708027848865,-0.04127092578781177
0.0,1.0,-0.10414162886555127,0.016500679838199556,-0.05300180911153799,-0.08758013838759372,-0.12754356826605143,0.1872018592910206,-0.06422762346706938,-0.10801238368274306,-0.15375741770960705,-0.30798428423238283
0.0,1.0,0.04813205454402313,-0.06257762634450321,-0.006882206291136225,-0.30893636370099836,2.0605928446126307,0.13096819222843445,0.3880034254502067,0.19140176223400265,-0.2032207965582085,-0.08802527213113173
0.0,1.0,0.01415271679989892,-0.05860587193081508,-0.003081075969484348,-0.2762989885078988,2.3117654755618906,0.1702197137814775,0.4124017845027108,0.17738869191611434,-0.20009088898326907,-0.10879492921561792
0.0,1.0,0.04560414840435818,-0.05038726853354447,-0.013437307219606377,-0.30154628542127054,2.3270814623046903,0.16073088281568476,0.42065491782227227,0.2182312694490294,-0.19637640931081712,-0.08849228873296419
0.0,1.0,0.14572199292796004,-0.11648594404829558,0.06386571086562166,0.09150100613924388,2.3711394128884433,0.11802508231457824,0.3189181727203024,0.22419621062024025,-0.01643132897651686,0.23825296302333446
0.0,1.0,0.19239284822293293,-0.14077413170108793,0.017750532163592295,0.20383407474850707,2.3812220873366776,0.10783082514006688,0.2942870010532751,0.19077356017927957,0.03460355208350525,0.319013594509999
0.0,1.0,0.12906252188271913,-0.1296374945280138,-0.06055743074381845,0.14483212407460458,2.3890351833934274,0.09697222162690448,0.2964659356585004,0.18690396352724384,0.05901077479655745,0.3035571708155476
0.0,1.0,0.15138163035924435,-0.12194155548764644,-0.07816137551493153,0.10742586619070757,2.391943340199218,0.09496716744446486,0.286765308051807,0.13389868615305628,0.11046578181709182,0.336613832379041
0.0,1.0,0.1441061393989552,-0.0998076643121725,-0.048877505140937506,-0.08084167699244242,2.3873114143019913,0.07784795795317866,0.29735893292913307,0.15652952594111835,0.16022836993224882,0.31450520390403247
0.0,1.0,0.2333584541162565,-0.048277367357590084,-0.16576435445878776,0.26334991882746145,1.3569886342038424,0.06360397144159882,0.056615626535663426,-0.03322521752086914,0.14866064610168278,0.3774499304670988
0.0,1.0,0.22672019343793717,-0.05232495181331999,-0.18860192906969336,0.26926435787471664,0.40475265122941523,-0.09230071329628384,-0.11459249868885132,-0.0528910546539604,0.14302299926956055,0.3648702877582115
0.0,1.0,0.20027221140292176,-0.1149707071256042,-0.20152837495831427,0.28452911359006927,0.2652041382427447,-0.08683133034498702,-0.11976385376960166,-0.04661888929938167,0.15421051768442015,0.3509607391724225
0.0,1.0,0.13612085166439908,0.03163971923766043,-0.2760157380773286,0.010493170578270707,0.05822249809541098,-0.00050399680450359,0.017874262453385623,-0.1183757505881851,0.02263246197720313,0.12225701878837328
0.0,1.0,0.2698742779968161,5.9112320605191564e-05,-0.27444276835292053,0.18707053404870083,0.1445004328299852,-0.09102758377095008,-0.07703737157355543,0.029500433325586987,0.023440031372696585,0.30572281348714136
0.0,1.0,0.2760631901150081,-0.009444279214354534,-0.19223995614628742,0.20456824253228145,0.08434671500851226,-0.09039433192324392,-0.118656097236149,0.04651433177215415,0.0086633441252335,0.32132146003962425
0.0,1.0,0.2825552190672786,-0.007993319767087075,-0.13576310147212817,0.21204443779953186,0.09049954910387002,-0.09826138597690842,-0.10569808316762491,0.0536665303529158,-0.06447458831707738,0.3006955490454214
0.0,1.0,0.1136587301621558,0.08632518762165006,-0.03652402105215271,0.07153568493445327,0.06570355611298036,-0.08071626306699814,-0.06029567023377394,0.03833012361534931,-0.051192755582809966,0.18366059631313797
0.0,1.0,0.026107133245041738,-0.06634554701339956,0.0935239408793498,0.010376135302354135,0.05240944567069507,-0.09528622316893748,-0.23427206275934234,0.004456935025912792,0.10119477476078771,0.08619743178779768
0.0,1.0,0.21547164189897522,-0.09765000013408241,0.10477319892757064,0.2413936572145559,0.09910510955868224,-0.10057805182005759,-0.2390068345550191,-0.00625813523746864,0.11471213041155345,0.22379739045830857
0.0,1.0,0.2079393136616116,-0.07369481628701717,0.15223892573875947,0.25244653268588496,0.09112453021162706,-0.05429389401538623,-0.2645483689123567,-0.056206729351418364,0.09592904234032786,0.2165583631027855
0.0,1.0,0.17258804910732248,-0.0781232984657606,0.14552717796127998,0.29234285062839754,0.15575119032885332,-0.041876740321535225,-0.2108575182401844,-0.0606610016783555,0.09163977226260249,0.21274321179613018
0.0,1.0,-0.0057828752530122915,0.012541142043886103,0.16601586321123957,0.035814847976270485,0.07106734059768553,0.003961341043357395,-0.001310797962200262,-0.1723139399310174,0.08769211935118909,-0.05357644077925956
0.0,1.0,-0.03587548416728502,-0.022150243218212084,0.12182249394451376,0.038694064360914486,0.06708829797455795,0.0218420573151162,0.0643096230139837,-0.24104850037607323,0.06439183048915917,-0.08980121419005438
0.0,1.0,-0.012625275323585976,-0.04880932401136025,0.09116860172331669,0.003236665904910784,0.0971070510673335,0.010005010554529492,0.11359125157973383,-0.2882726720692268,0.08313326281372607,-0.054295330056264385
0.0,1.0,-0.029139913862400182,-0.07122106440069445,0.09333046389007402,0.017092045966022006,0.08797144581842667,-0.023542121815987742,0.13898345803240247,-0.23730686817891408,0.06406932807106956,-0.04877709104016828
0.0,1.0,-0.1980302954471151,0.09558338238375808,0.06526284280903065,-0.289284600889328,-0.015202499851910758,0.06263584591289742,0.3202721426621263,-0.07197873385172074,-0.003123998502827935,-0.29585137003145295
0.0,1.0,-0.8354298272323182,0.4339683767222769,-0.07065998573739866,-1.0106252825906552,-0.15387323324876706,0.03777980494774486,0.6050784758999136,-0.18523995808865984,-0.06127653423724325,-1.0314467474109954
0.0,1.0,-0.7960723434631047,0.42828329443018415,-0.06781500127410821,-0.9723919294496792,-0.04404871185716827,0.008416686218165943,0.6144543956587021,-0.17983401648892222,-0.01718387547396036,-1.0112530551613341
0.0,1.0,-0.7435217428176137,0.4594025968951956,-0.04367770131733809,-0.9748574154990766,-0.035503944117509845,0.0020389931561684347,0.5830347774364698,-0.1573671502360007,-0.021720124629276968,-1.0401685413221884
0.0,1.0,-0.7655824239942159,0.4300075807198925,0.015991940374684883,-0.9642018187164654,-0.01999953636041729,0.017353844633048898,0.5786759307549754,-0.1673041875903996,0.021064937488956246,-0.9284844783271126
0.0,1.0,-0.7349981192598363,0.4563906158290639,-0.010711751753962174,-0.9675896795345668,-0.01024972429909915,0.03153565515675562,0.5817561470335874,-0.1040587646418018,0.03320075120917348,-0.942379007444931
0.0,1.0,-0.7987453911509096,0.5063503890150454,0.0024571168529461352,-0.9060926577863154,0.0037924098471195655,0.060664197393289744,0.49608565858773607,-0.06633805789913215,0.05310106002356118,-0.9651794967256503
0.0,1.0,-0.7936547534303036,0.5364877573143157,-0.02192488634975656,-0.8983839038932302,0.08971774498272155,0.062833075559047,0.46698934939155773,-0.09220236731178197,0.0761847181078684,-1.0159422115160712
0.0,1.0,-0.6294803398783433,0.43105306678510824,-0.08106497528815627,-0.700630049715891,0.14777291063602382,0.06515051823041512,0.3728468852544326,-0.2554960280364539,0.027808000758876864,-0.8488203630859527
0.0,1.0,-0.05193604109422996,0.07141139525480335,-0.09556475005471073,-0.12620608991057766,0.3212932992887233,0.14583216057278955,0.07514036971004033,0.034192624165990435,-0.04324618763196752,-0.21265527994639388
0.0,1.0,-0.06831403978812928,0.06004817586147925,-0.08150907051961213,-0.13600353930908096,0.25517782765277613,0.155424544365919,0.058413957005469246,0.06524805798659587,-0.05481749886987926,-0.21104237150186775
0.0,1.0,-0.09141394112966197,0.008821833187246574,-0.08859715602685093,-0.14987925801032492,0.22002777470889295,0.14776570041842016,0.08449602097378286,0.07286843628360357,-0.042733311635854906,-0.19849777395481605
0.0,1.0,-0.055061736701189065,0.00126559576791094,-0.06997913461421948,-0.14031206038267882,0.1812326408428033,0.10293235817536185,-0.04243559363929927,0.03969705520074628,0.0024681604964672454,-0.2089754293650156
0.0,1.0,0.1678743854533752,-0.13138304706689996,0.10131327538887536,0.22044775074537265,0.2334727614069319,0.043678681380733116,-0.1896367752198705,0.07242735487175843,0.1244932622415967,0.20137907730647167
0.0,1.0,0.1752398925855496,-0.17258007717896431,0.09286638720356744,0.20288922160403658,0.19081706438926116,0.025613200130634856,-0.1831241119619966,0.021515426876105075,0.11640191409626201,0.20548101577498065
0.0,1.0,0.16299732887130178,-0.20979782683966233,0.11406564639086786,0.19389382239706415,0.11312597827092688,0.05480413702266387,-0.19458264092541133,0.014468610325217575,0.10786938438381287,0.21263843974036784
0.0,1.0,0.12567852774542224,-0.19796971788117357,0.06100161085310063,0.14138900296771645,0.07155327494431893,0.01704587579203532,-0.20190928985958656,0.07651610221855831,0.1693875846551377,0.1955176782648563
0.0,1.0,0.10831323121714864,-0.2560985505574216,0.29436795145802064,0.13577446131119655,0.056922543950245603,-0.10729786857106356,-0.19665095129047885,-0.14114169915050423,0.31179391658929323,0.19158948049697536
0.0,1.0,0.11231330088491451,-0.2624357431556715,0.2652874304941822,0.13389213163331543,0.0398937257363198,-0.13714589987433143,-0.21146655171466916,-0.12132544940392147,0.33473202497726173,0.17984288711909727
0.0,1.0,0.09081139079878983,-0.2613196758218136,0.2661738131974474,0.15743742388420381,0.03953273370031361,-0.10209237752075258,-0.23710542668788276,-0.09113106736640567,0.35380824163354274,0.15347405730746605
0.0,1.0,0.10256788860491413,-0.23880355145243462,0.2169611613174676,0.20554510464546594,0.10740564547432647,-0.09877214669505696,-0.19702009535346313,-0.054244045382024444,0.3189186913715609,0.13565829166140486
0.0,1.0,0.25496930609560825,-0.16282488007978616,0.0850786563462781,0.2719411182120623,0.09897295649855811,-0.06524507025160343,-0.13310432316279563,0.03674014991121149,0.17762637333798667,0.10734137634066078
0.0,1.0,0.2667637346374382,-0.1431024834252607,0.06214630351068489,0.2841581066708455,0.13104696929614562,-0.05212775630650468,-0.12931953885036196,0.03865903966730726,0.20164490516390818,0.09879347641690228
0.0,1.0,0.2714535893424098,-0.12772829524205206,0.043773421443372214,0.28902131395204755,0.16198229397571395,-0.08788408974376462,-0.12248657411986975,0.033000694186114524,0.20905302800400075,0.09706393543448438
0.0,1.0,0.2778341038853061,-0.11900055569303176,0.074944103903876,0.31114856747143366,0.23454864254557573,-0.11529663406046443,-0.0879855612994316,0.0038053953658715514,0.1576239136797377,0.09779784517787184
0.0,1.0,0.4235030318345594,0.035884528270843284,-0.14829597346620133,0.5465056214955852,0.15471297360245875,-0.05256837084799312,0.023504271635025376,0.016723270170226547,-0.033942085133900804,0.19949463314229984
0.0,1.0,0.4457543524270277,0.0685021172031959,-0.14832097526403365,0.5352633829145941,0.13390039101528906,-0.0543227350863728,-0.006967577878191271,-0.04197202562146327,-0.060424643270135185,0.2175499052516081
0.0,1.0,0.4769657849047068,0.0413001980833274,-0.1296538265794469,0.5055295873092257,0.1324679083199811,-0.07406385913941069,0.03716669357933956,-0.04479888297814205,-0.053900212229408,0.24970465114050355
0.0,1.0,0.49062095087912766,-0.015299361321533684,-0.10460260777940994,0.4859070351970985,0.12229972273141168,-0.11024180689340103,0.03607012041438947,0.027409931877569453,-0.009131854989867655,0.2628209861568727
0.0,1.0,0.47211586645640696,-0.08116764739676975,-0.07411968760626408,0.4611783546603536,0.12464005284520326,-0.168165879650323,0.002589206199820307,-0.01893268750068367,0.0352609473059619,0.2297247339006112
0.0,1.0,0.4767187373101319,-0.11863646056061856,-0.06920521189968197,0.4317281435928013,0.20658778769392383,-0.20606924111416333,0.06464915287772519,-0.01803603389275954,0.034925286518073,0.26332302761296084
0.0,1.0,0.4846748156965726,-0.11432765529491372,-0.08857615887374456,0.42385122496710187,0.21014238655466655,-0.19644208386833362,0.06055985566047825,0.014983633090260462,0.06543404274998212,0.266782013404173
0.0,1.0,0.4808889048870356,-0.10392107411993842,-0.08248931644125383,0.4091369073649915,0.20789806408049988,-0.1413330871926513,0.02866986547286329,0.026652822725535447,0.052954370699565,0.26447040390810467
0.0,1.0,0.3842378102576197,-0.18136339522970138,0.060522019254032,0.3066752879743638,0.2505936587091301,-0.12199873152817906,-0.06812158347007642,0.0636266946546691,0.1499878618425647,0.3583466623866318
0.0,1.0,0.37102821250229634,-0.21828030233207005,0.052800743693297264,0.33662751263702556,0.25201773866139243,-0.13025585622372624,-0.020801838615938886,0.07009169341043112,0.1399017475619856,0.3526413473412957
0.0,1.0,0.3735685136292981,-0.20312337782984266,0.023761118306992665,0.31836758191843756,0.27280873719017573,-0.1546535479836821,-0.03984625653573524,0.06529603174253895,0.1127625930395629,0.36280395314637903
0.0,1.0,0.3215670570257379,-0.18203889926711192,0.046487687111939284,0.31265968998176463,0.2642866993822794,-0.10537601153875353,-0.024545953325385176,0.013312282324403448,0.06033078111357702,0.3306499959673883
0.0,1.0,0.3690108393091484,-0.18590742459083182,0.07216427610559893,0.3384013149696342,0.2882993291734653,-0.08020196606633485,-0.004293783170807693,0.023970737417598267,0.10428737301953565,0.47175584263492004
0.0,1.0,0.3325706048906545,-0.17823341841929907,0.0963782047913014,0.3890524580261371,0.17987061538361546,-0.0631084793262229,-0.05104942115685926,0.04217496607786995,0.09361859155121319,0.4434169955585189
0.0,1.0,0.34502007434502363,-0.18326248311475055,0.13147311433171324,0.37128780469615874,0.14380182141925651,-0.0433933158370185,-0.055444200948584405,0.025460314125777934,0.06743491265865306,0.45424511374993704
0.0,1.0,0.3403948743093338,-0.21929867508459322,0.13852410079439298,0.39677744568882145,0.14636031438751343,-0.07376260694131627,-0.05663377884448908,0.09483213397258977,0.07609842670482682,0.4981291687097513
0.0,1.0,0.26630638217027625,-0.24796923135285087,0.13982980457456107,0.31664818189294275,0.15886322886000012,-0.1664168724915698,-0.030399206756441796,0.07551741683477647,0.10814536368598922,0.4476974118546592
0.0,1.0,0.24166011747447855,-0.24783525454192365,0.16634785422293105,0.3018827098814521,0.23914442622746657,-0.13220156858824106,-0.025613048368802294,0.0995264604129224,0.10310153696109613,0.4364841022176583
0.0,1.0,0.223604813743152,-0.26855688994320054,0.16375837170080584,0.3185038358730221,0.2072642369548291,-0.10439241170990639,-0.023385399494419954,0.0591093223599937,0.12127188596277462,0.42170482901899226
